image,amusement_Mean,amusement_Std,anger_Mean,anger_Std,attachment love_Mean,attachment love_Std,awe_Mean,awe_Std,craving_Mean,craving_Std,disgust_Mean,disgust_Std,excitement_Mean,excitement_Std,fear_Mean,fear_Std,joy_Mean,joy_Std,neutral_Mean,neutral_Std,nurturant love_Mean,nurturant love_Std,sadness_Mean,sadness_Std,positive_Mean,positive_Std,negative_Mean,negative_Std,calm_Mean,calm_Std,aroused_Mean,aroused_Std,motivated to approach_Mean,motivated to approach_Std,motivated to avoid_Mean,motivated to avoid_Std
amusement_new_10.jpg,6.0,0.0,1.0,0.0,6.0,0.0,2.08,0.274,2.0,0.0,1.0,0.0,4.0,0.0,1.0,0.0,6.0,0.0,2.0,0.0,5.08,0.274,1.04,0.1979,6.0,0.0,1.0,0.0,5.0,0.0,2.58,0.4986,6.0,0.0,1.0,0.0
amusement_new_11.jpg,6.0,0.0,1.0,0.0,6.0,0.0,3.0,0.0,2.0,0.0,1.0,0.0,4.66,0.4785,1.0,0.0,6.0,0.0,2.0,0.0,6.0,0.0,1.04,0.1979,6.0,0.0,1.0,0.0,4.0,0.0,3.0,0.0,6.0,0.0,1.64,0.4849
amusement_new_12.jpg,6.0,0.0,2.0,0.0,2.0,0.0,3.0,0.0,2.0,0.0,2.0,0.0,5.0,0.0,2.0,0.0,5.0,0.0,3.0,0.0,1.0,0.0,1.04,0.1979,5.0,0.0,2.0,0.0,2.0,0.0,3.68,0.4712,4.0,0.0,2.0,0.0
amusement_new_13.jpg,6.0,0.0,1.0,0.0,6.0,0.0,3.0,0.0,3.0,0.0,1.0,0.0,6.0,0.0,1.0,0.0,6.06,0.2399,2.0,0.0,5.96,0.1979,1.0,0.0,7.0,0.0,1.0,0.0,3.0,0.0,4.92,0.274,6.0,0.0,1.88,0.3283
amusement_new_14.jpg,6.0,0.0,1.0,0.0,6.0,0.0,3.0,0.0,2.0,0.0,1.0,0.0,4.04,0.1979,1.08,0.274,6.0,0.0,2.0,0.0,4.06,0.2399,1.08,0.274,6.0,0.0,1.0,0.0,3.0,0.0,3.0,0.0,6.0,0.0,1.0,0.0
amusement_new_15.jpg,6.0,0.0,1.0,0.0,6.0,0.0,2.0,0.0,2.0,0.0,1.0,0.0,3.0,0.0,1.02,0.1414,6.0,0.0,2.0,0.0,5.52,0.5047,2.0,0.0,6.0,0.0,1.0,0.0,4.0,0.0,2.94,0.2399,6.0,0.0,2.0,0.0
amusement_new_15_midj_af.jpg,5.98,0.1414,1.0,0.0,6.0,0.0,3.0,0.0,2.78,0.4185,1.0,0.0,3.0,0.0,2.0,0.0,6.0,0.0,2.0,0.0,6.0,0.0,2.0,0.0,6.0,0.0,1.02,0.1414,5.0,0.0,3.0,0.0,6.0,0.0,2.0,0.0
amusement_new_15_midj_as.jpg,6.0,0.0,1.0,0.0,6.0,0.0,3.0,0.0,2.4,0.4949,1.0,0.0,3.0,0.0,1.96,0.1979,6.0,0.0,2.0,0.0,6.0,0.0,2.0,0.0,6.0,0.0,1.0,0.0,6.0,0.0,3.0,0.0,6.0,0.0,2.0,0.0
amusement_new_15_midj_euna.jpg,6.0,0.0,1.0,0.0,6.0,0.0,2.0,0.0,2.0,0.0,1.0,0.0,3.0,0.0,1.02,0.1414,6.0,0.0,2.0,0.0,5.52,0.5047,2.0,0.0,6.0,0.0,1.0,0.0,4.0,0.0,2.94,0.2399,6.0,0.0,2.0,0.0
amusement_new_15_midj_sa.jpg,6.0,0.0,1.0,0.0,6.0,0.0,2.98,0.1414,2.0,0.0,1.0,0.0,3.0,0.0,1.0,0.0,6.0,0.0,2.0,0.0,6.0,0.0,2.0,0.0,6.0,0.0,1.0,0.0,5.92,0.274,3.0,0.0,6.0,0.0,1.0,0.0
amusement_new_16.jpg,6.0,0.0,1.0,0.0,6.0,0.0,2.72,0.4536,3.56,0.5014,1.0,0.0,4.0,0.0,1.0,0.0,6.0,0.0,2.0,0.0,6.0,0.0,1.0,0.0,6.0,0.0,1.0,0.0,6.0,0.0,2.9,0.303,6.0,0.0,1.0,0.0
amusement_new_16_midj_af.jpg,6.0,0.0,1.0,0.0,5.0,0.0,3.0,0.0,5.0,0.0,1.0,0.0,4.0,0.0,1.0,0.0,6.0,0.0,2.86,0.3505,3.0,0.0,1.0,0.0,6.0,0.0,1.0,0.0,3.86,0.3505,3.0,0.0,5.98,0.1414,1.96,0.1979
amusement_new_16_midj_as.jpg,6.0,0.0,1.0,0.0,6.0,0.0,3.0,0.0,5.0,0.0,1.0,0.0,3.0,0.0,1.0,0.0,6.0,0.0,2.38,0.4903,5.02,0.1414,1.0,0.0,6.0,0.0,1.0,0.0,5.88,0.3283,3.0,0.0,6.0,0.0,1.0,0.0
amusement_new_16_midj_euna.jpg,6.0,0.0,1.0,0.0,6.0,0.0,2.72,0.4536,3.56,0.5014,1.0,0.0,4.0,0.0,1.0,0.0,6.0,0.0,2.0,0.0,6.0,0.0,1.0,0.0,6.0,0.0,1.0,0.0,6.0,0.0,2.9,0.303,6.0,0.0,1.0,0.0
amusement_new_16_midj_sa.jpg,6.0,0.0,1.0,0.0,6.0,0.0,2.72,0.4536,5.0,0.0,1.0,0.0,4.0,0.0,1.0,0.0,6.0,0.0,2.0,0.0,5.0,0.0,1.0,0.0,6.0,0.0,1.0,0.0,4.1,0.303,3.0,0.0,6.0,0.0,1.0,0.0
amusement_new_17.jpg,6.0,0.0,1.96,0.1979,6.0,0.0,3.0,0.0,2.0,0.0,1.0,0.0,4.0,0.0,1.0,0.0,6.0,0.0,2.06,0.2399,5.52,0.5047,2.0,0.0,6.0,0.0,1.02,0.1414,3.02,0.1414,3.0,0.0,6.0,0.0,2.0,0.0
amusement_new_19.jpg,6.0,0.0,1.0,0.0,6.0,0.0,2.0,0.0,3.0,0.0,1.0,0.0,3.4,0.4949,1.0,0.0,6.0,0.0,2.0,0.0,5.0,0.0,2.0,0.0,6.0,0.0,1.0,0.0,4.0,0.0,2.66,0.4785,6.0,0.0,1.36,0.4849
amusement_new_21.jpg,6.0,0.0,2.0,0.0,6.0,0.0,3.0,0.0,2.0,0.0,1.02,0.1414,3.0,0.0,1.82,0.3881,5.98,0.1414,3.0,0.0,5.0,0.0,2.0,0.0,6.0,0.0,2.0,0.0,5.52,0.5047,2.94,0.2399,6.0,0.0,2.0,0.0
amusement_new_22.jpg,6.0,0.0,2.0,0.0,6.0,0.0,3.0,0.0,2.0,0.0,1.0,0.0,3.0,0.0,1.0,0.0,5.0,0.0,2.98,0.1414,6.0,0.0,2.0,0.0,6.0,0.0,2.0,0.0,3.0,0.0,2.0,0.0,6.0,0.0,2.0,0.0
amusement_new_24.jpg,6.0,0.0,1.0,0.0,4.0,0.0,2.58,0.4986,1.0,0.0,1.0,0.0,4.0,0.0,1.0,0.0,6.0,0.0,2.66,0.4785,3.0,0.0,1.0,0.0,6.0,0.0,1.0,0.0,3.98,0.1414,2.72,0.4536,5.0,0.0,1.96,0.1979
amusement_new_25.jpg,6.0,0.0,1.0,0.0,5.0,0.0,3.0,0.0,3.0,0.0,2.86,0.3505,3.0,0.0,2.0,0.0,6.0,0.0,2.0,0.0,4.0,0.0,2.0,0.0,6.0,0.0,2.0,0.0,5.0,0.0,2.4,0.4949,5.98,0.1414,2.0,0.0
amusement_new_26.jpg,5.96,0.1979,1.0,0.0,3.0,0.0,3.0,0.0,2.0,0.0,1.0,0.0,3.0,0.0,1.0,0.0,5.0,0.0,3.0,0.0,3.0,0.0,1.0,0.0,5.98,0.1414,1.0,0.0,4.0,0.0,2.04,0.1979,4.98,0.1414,2.0,0.0
amusement_new_27.jpg,6.0,0.0,1.0,0.0,6.0,0.0,2.72,0.4536,2.0,0.0,1.0,0.0,5.98,0.1414,1.0,0.0,6.16,0.3703,2.0,0.0,6.0,0.0,1.0,0.0,7.0,0.0,1.0,0.0,3.0,0.0,3.2,0.4041,6.0,0.0,1.0,0.0
amusement_new_30.jpg,6.0,0.0,1.0,0.0,6.0,0.0,3.0,0.0,2.04,0.1979,1.08,0.274,4.0,0.0,1.0,0.0,6.0,0.0,2.02,0.1414,5.52,0.5047,2.0,0.0,6.0,0.0,1.0,0.0,6.0,0.0,3.0,0.0,6.0,0.0,2.0,0.0
amusement_new_31.jpg,5.0,0.0,1.0,0.0,4.0,0.0,3.0,0.0,2.0,0.0,1.0,0.0,4.98,0.1414,2.0,0.0,6.0,0.0,2.0,0.0,4.0,0.0,1.64,0.4849,6.0,0.0,1.0,0.0,3.68,0.4712,3.0,0.0,5.0,0.0,2.0,0.0
amusement_new_31_midj_af.jpg,5.0,0.0,1.0,0.0,6.0,0.0,4.0,0.0,2.9,0.303,1.0,0.0,4.66,0.4785,2.0,0.0,6.0,0.0,2.0,0.0,6.0,0.0,2.0,0.0,6.0,0.0,1.0,0.0,3.98,0.1414,3.0,0.0,6.0,0.0,2.0,0.0
amusement_new_31_midj_as.jpg,5.0,0.0,1.82,0.3881,5.0,0.0,4.0,0.0,2.0,0.0,1.0,0.0,4.0,0.0,2.0,0.0,5.1,0.303,3.0,0.0,5.02,0.1414,2.0,0.0,6.0,0.0,1.0,0.0,3.0,0.0,3.0,0.0,5.02,0.1414,2.0,0.0
amusement_new_31_midj_euna.jpg,5.0,0.0,1.0,0.0,4.0,0.0,3.0,0.0,2.0,0.0,1.0,0.0,4.98,0.1414,2.0,0.0,6.0,0.0,2.0,0.0,4.0,0.0,1.64,0.4849,6.0,0.0,1.0,0.0,3.68,0.4712,3.0,0.0,5.0,0.0,2.0,0.0
amusement_new_31_midj_sa.jpg,5.98,0.1414,1.0,0.0,5.0,0.0,3.0,0.0,2.0,0.0,1.0,0.0,5.0,0.0,1.0,0.0,6.0,0.0,2.0,0.0,5.0,0.0,1.0,0.0,6.0,0.0,1.0,0.0,3.0,0.0,3.0,0.0,5.96,0.1979,1.02,0.1414
animals_173_h_midj.jpg,4.0,0.0,1.0,0.0,4.0,0.0,3.0,0.0,2.0,0.0,1.0,0.0,2.24,0.4314,1.0,0.0,4.66,0.4785,3.0,0.0,3.4,0.4949,2.0,0.0,5.96,0.1979,1.0,0.0,6.0,0.0,2.0,0.0,4.48,0.5047,2.0,0.0
poshighnonsoc_11_midj.jpg,6.0,0.0,1.0,0.0,6.0,0.0,3.0,0.0,2.0,0.0,1.0,0.0,5.0,0.0,1.0,0.0,6.0,0.0,2.0,0.0,6.0,0.0,1.0,0.0,6.08,0.274,1.0,0.0,5.0,0.0,3.0,0.0,6.0,0.0,1.0,0.0
poshighnonsoc_11_midj_af.jpg,4.04,0.1979,1.0,0.0,6.0,0.0,3.0,0.0,2.04,0.1979,1.0,0.0,3.98,0.1414,1.0,0.0,6.0,0.0,2.24,0.4314,5.24,0.4314,2.0,0.0,6.0,0.0,1.36,0.4849,5.0,0.0,3.0,0.0,6.0,0.0,2.0,0.0
poshighnonsoc_11_midj_as.jpg,6.0,0.0,1.0,0.0,6.0,0.0,3.0,0.0,2.86,0.3505,1.0,0.0,4.0,0.0,1.0,0.0,6.0,0.0,2.0,0.0,6.0,0.0,1.02,0.1414,6.0,0.0,1.0,0.0,5.0,0.0,3.0,0.0,6.0,0.0,1.04,0.1979
poshighnonsoc_11_midj_euna.jpg,6.0,0.0,1.0,0.0,6.0,0.0,3.0,0.0,2.0,0.0,1.0,0.0,5.0,0.0,1.0,0.0,6.0,0.0,2.0,0.0,6.0,0.0,1.0,0.0,6.08,0.274,1.0,0.0,5.0,0.0,3.0,0.0,6.0,0.0,1.0,0.0
poshighnonsoc_11_midj_sa.jpg,6.0,0.0,1.0,0.0,6.0,0.0,2.98,0.1414,2.0,0.0,1.0,0.0,6.0,0.0,1.0,0.0,6.16,0.3703,2.0,0.0,6.0,0.0,1.0,0.0,7.0,0.0,1.0,0.0,2.9,0.303,3.0,0.0,6.0,0.0,1.0,0.0
poshighnonsoc_19_midj.jpg,6.0,0.0,1.0,0.0,6.0,0.0,3.0,0.0,2.0,0.0,1.0,0.0,3.98,0.1414,1.0,0.0,6.0,0.0,2.0,0.0,6.0,0.0,1.04,0.1979,6.0,0.0,1.0,0.0,5.0,0.0,3.0,0.0,6.0,0.0,1.0,0.0
poshighnonsoc_19_midj_af.jpg,5.96,0.1979,1.0,0.0,6.0,0.0,3.0,0.0,3.0,0.0,1.0,0.0,3.0,0.0,1.0,0.0,6.0,0.0,2.02,0.1414,6.0,0.0,2.0,0.0,6.0,0.0,1.0,0.0,6.0,0.0,3.0,0.0,6.0,0.0,1.06,0.2399
poshighnonsoc_19_midj_as.jpg,6.0,0.0,2.0,0.0,6.0,0.0,3.4,0.4949,2.0,0.0,1.0,0.0,3.0,0.0,1.36,0.4849,5.08,0.274,3.0,0.0,4.0,0.0,2.0,0.0,6.0,0.0,1.0,0.0,5.02,0.1414,3.0,0.0,6.0,0.0,2.0,0.0
poshighnonsoc_19_midj_euna.jpg,6.0,0.0,1.0,0.0,6.0,0.0,3.0,0.0,2.0,0.0,1.0,0.0,3.0,0.0,1.0,0.0,6.0,0.0,2.04,0.1979,6.0,0.0,2.0,0.0,6.0,0.0,1.0,0.0,6.0,0.0,2.0,0.0,6.0,0.0,1.0,0.0
poshighnonsoc_19_midj_sa.jpg,6.0,0.0,1.0,0.0,6.0,0.0,3.0,0.0,2.0,0.0,1.0,0.0,3.0,0.0,1.0,0.0,5.08,0.274,3.0,0.0,5.04,0.1979,2.0,0.0,6.0,0.0,1.0,0.0,5.0,0.0,3.0,0.0,6.0,0.0,1.54,0.5035
9340_midj.jpg,1.0,0.0,5.0,0.0,1.0,0.0,2.0,0.0,2.0,0.0,6.0,0.0,2.0,0.0,3.0,0.0,1.0,0.0,2.0,0.0,2.0,0.0,5.24,0.4314,1.0,0.0,6.0,0.0,2.0,0.0,4.0,0.0,2.0,0.0,6.0,0.0
anger_new_1.jpg,4.0,0.0,3.0,0.0,2.0,0.0,3.0,0.0,3.0,0.0,3.0,0.0,3.0,0.0,2.0,0.0,3.56,0.5014,3.0,0.0,1.08,0.274,3.94,0.2399,3.0,0.0,3.98,0.1414,3.0,0.0,3.0,0.0,2.78,0.4185,3.0,0.0
anger_new_10.jpg,2.0,0.0,2.0,0.0,3.0,0.0,2.0,0.0,5.0,0.0,2.0,0.0,3.0,0.0,3.0,0.0,3.0,0.0,3.0,0.0,2.0,0.0,5.0,0.0,3.0,0.0,4.16,0.3703,3.86,0.3505,3.0,0.0,3.0,0.0,5.0,0.0
anger_new_11.jpg,1.0,0.0,3.98,0.1414,2.0,0.0,2.78,0.4185,1.0,0.0,5.98,0.1414,2.0,0.0,3.0,0.0,2.0,0.0,3.0,0.0,3.0,0.0,5.0,0.0,2.0,0.0,6.0,0.0,3.0,0.0,3.0,0.0,2.0,0.0,6.0,0.0
anger_new_11_midj_af.jpg,1.0,0.0,4.0,0.0,2.0,0.0,3.0,0.0,1.0,0.0,6.0,0.0,2.0,0.0,3.0,0.0,2.0,0.0,3.0,0.0,2.0,0.0,5.8,0.4041,2.0,0.0,6.0,0.0,3.0,0.0,3.0,0.0,2.24,0.4314,6.0,0.0
anger_new_11_midj_as.jpg,2.0,0.0,4.0,0.0,2.0,0.0,2.06,0.2399,2.0,0.0,5.0,0.0,2.0,0.0,2.0,0.0,3.0,0.0,3.0,0.0,3.0,0.0,5.0,0.0,2.9,0.303,5.0,0.0,3.0,0.0,3.0,0.0,3.0,0.0,5.14,0.3505
anger_new_11_midj_euna.jpg,1.0,0.0,3.98,0.1414,2.0,0.0,2.78,0.4185,1.0,0.0,5.98,0.1414,2.0,0.0,3.0,0.0,2.0,0.0,3.0,0.0,3.0,0.0,5.0,0.0,2.0,0.0,6.0,0.0,3.0,0.0,3.0,0.0,2.0,0.0,6.0,0.0
anger_new_11_midj_sa.jpg,1.04,0.1979,4.04,0.1979,2.0,0.0,3.0,0.0,1.04,0.1979,6.0,0.0,2.0,0.0,3.0,0.0,2.0,0.0,2.98,0.1414,2.98,0.1414,6.0,0.0,2.0,0.0,6.0,0.0,2.78,0.4185,3.86,0.3505,3.0,0.0,6.0,0.0
anger_new_13.jpg,6.0,0.0,1.0,0.0,6.0,0.0,3.0,0.0,3.0,0.0,1.0,0.0,6.0,0.0,1.0,0.0,6.0,0.0,2.0,0.0,5.0,0.0,1.0,0.0,6.0,0.0,1.0,0.0,4.0,0.0,4.0,0.0,6.0,0.0,2.0,0.0
anger_new_14.jpg,1.0,0.0,6.0,0.0,2.0,0.0,1.04,0.1979,1.0,0.0,6.0,0.0,3.0,0.0,6.0,0.0,1.0,0.0,2.0,0.0,1.0,0.0,6.0,0.0,1.0,0.0,6.0,0.0,1.0,0.0,6.0,0.0,1.0,0.0,6.98,0.1414
anger_new_14_midj_af.jpg,5.0,0.0,6.0,0.0,2.0,0.0,2.04,0.1979,1.98,0.1414,3.0,0.0,5.0,0.0,5.9,0.303,2.0,0.0,2.0,0.0,1.76,0.4314,2.0,0.0,3.0,0.0,5.0,0.0,1.0,0.0,5.9,0.303,2.0,0.0,6.0,0.0
anger_new_14_midj_as.jpg,2.0,0.0,7.0,0.0,1.0,0.0,2.4,0.4949,1.0,0.0,5.98,0.1414,6.0,0.0,6.0,0.0,1.0,0.0,1.44,0.5014,1.0,0.0,2.0,0.0,1.0,0.0,6.08,0.274,1.0,0.0,6.0,0.0,1.0,0.0,7.0,0.0
anger_new_14_midj_euna.jpg,1.0,0.0,6.0,0.0,2.0,0.0,1.04,0.1979,1.0,0.0,6.0,0.0,3.0,0.0,6.0,0.0,1.0,0.0,2.0,0.0,1.0,0.0,6.0,0.0,1.0,0.0,6.0,0.0,1.0,0.0,6.0,0.0,1.0,0.0,6.98,0.1414
anger_new_14_midj_sa.jpg,6.0,0.0,3.9,0.544,3.0,0.0,3.0,0.0,2.0,0.0,3.0,0.0,5.0,0.0,4.34,0.5194,6.0,0.0,2.0,0.0,2.0,0.0,2.0,0.0,3.0,0.0,5.0,0.0,1.76,0.4314,5.0,0.0,3.0,0.0,6.0,0.0
anger_new_15.jpg,2.0,0.0,5.0,0.0,3.68,0.4712,2.0,0.0,2.0,0.0,4.0,0.0,5.0,0.0,6.0,0.0,2.98,0.1414,2.0,0.0,2.78,0.4185,6.0,0.0,2.04,0.1979,6.0,0.0,2.0,0.0,5.0,0.0,2.0,0.0,6.0,0.0
anger_new_2.jpg,2.94,0.2399,3.86,0.3505,2.0,0.0,2.0,0.0,1.08,0.274,4.0,0.0,2.0,0.0,3.0,0.0,1.04,0.1979,3.0,0.0,2.0,0.0,3.0,0.0,2.0,0.0,5.0,0.0,2.9,0.303,3.0,0.0,2.0,0.0,5.0,0.0
anger_new_3.jpg,1.0,0.0,4.24,0.4314,2.0,0.0,2.0,0.0,2.0,0.0,5.0,0.0,2.0,0.0,5.96,0.1979,1.0,0.0,2.0,0.0,2.0,0.0,6.0,0.0,1.0,0.0,6.0,0.0,2.0,0.0,4.62,0.4903,2.0,0.0,6.0,0.0
anger_new_3_midj_af.jpg,1.0,0.0,5.52,0.5047,2.0,0.0,2.0,0.0,1.12,0.3283,3.0,0.0,3.0,0.0,6.0,0.0,1.0,0.0,2.0,0.0,2.0,0.0,6.0,0.0,1.54,0.5035,6.0,0.0,2.0,0.0,5.0,0.0,2.0,0.0,6.0,0.0
anger_new_3_midj_as.jpg,1.0,0.0,4.1,0.303,1.96,0.1979,2.02,0.1414,1.0,0.0,3.0,0.0,5.0,0.0,6.0,0.0,1.0,0.0,2.0,0.0,2.0,0.0,5.08,0.274,1.12,0.3283,6.0,0.0,1.02,0.1414,6.0,0.0,2.0,0.0,6.0,0.0
anger_new_3_midj_euna.jpg,1.0,0.0,4.24,0.4314,2.0,0.0,2.0,0.0,2.0,0.0,5.0,0.0,2.0,0.0,5.96,0.1979,1.0,0.0,2.0,0.0,2.0,0.0,6.0,0.0,1.0,0.0,6.0,0.0,2.0,0.0,4.62,0.4903,2.0,0.0,6.0,0.0
anger_new_3_midj_sa.jpg,1.0,0.0,5.0,0.0,2.0,0.0,3.0,0.0,1.0,0.0,3.0,0.0,5.0,0.0,6.0,0.0,1.0,0.0,2.0,0.0,2.0,0.0,5.96,0.1979,2.0,0.0,6.0,0.0,1.04,0.1979,6.0,0.0,2.0,0.0,6.0,0.0
anger_new_4.jpg,4.0,0.0,3.0,0.0,2.0,0.0,3.0,0.0,2.0,0.0,3.0,0.0,5.0,0.0,3.0,0.0,3.0,0.0,3.0,0.0,1.0,0.0,3.0,0.0,2.94,0.2399,5.0,0.0,2.0,0.0,4.24,0.4314,3.0,0.0,5.0,0.0
anger_new_5.jpg,1.0,0.0,5.0,0.0,2.0,0.0,2.0,0.0,1.0,0.0,5.02,0.1414,2.0,0.0,2.0,0.0,2.0,0.0,3.0,0.0,2.0,0.0,4.0,0.0,2.0,0.0,5.0,0.0,3.0,0.0,3.0,0.0,2.86,0.3505,5.28,0.4536
anger_new_5_midj_af.jpg,1.0,0.0,4.02,0.1414,2.0,0.0,3.0,0.0,2.0,0.0,5.0,0.0,3.0,0.0,3.0,0.0,2.0,0.0,3.0,0.0,2.0,0.0,5.0,0.0,2.0,0.0,5.0,0.0,3.0,0.0,3.0,0.0,3.0,0.0,5.0,0.0
anger_new_5_midj_as.jpg,1.0,0.0,4.0,0.0,2.86,0.3505,4.0,0.0,2.0,0.0,5.0,0.0,3.0,0.0,3.0,0.0,3.0,0.0,3.0,0.0,2.0,0.0,5.0,0.0,3.0,0.0,5.0,0.0,3.0,0.0,3.08,0.274,3.0,0.0,5.0,0.0
anger_new_5_midj_euna.jpg,1.0,0.0,5.0,0.0,2.0,0.0,2.0,0.0,1.0,0.0,5.02,0.1414,2.0,0.0,2.0,0.0,2.0,0.0,3.0,0.0,2.0,0.0,4.0,0.0,2.0,0.0,5.0,0.0,3.0,0.0,3.0,0.0,2.86,0.3505,5.28,0.4536
anger_new_5_midj_sa.jpg,1.0,0.0,5.0,0.0,2.86,0.3505,3.0,0.0,2.0,0.0,6.0,0.0,3.0,0.0,3.0,0.0,2.0,0.0,3.0,0.0,2.0,0.0,5.0,0.0,3.0,0.0,5.0,0.0,3.0,0.0,3.0,0.0,3.0,0.0,5.14,0.3505
anger_new_6.jpg,2.0,0.0,3.0,0.0,2.0,0.0,2.0,0.0,2.0,0.0,3.0,0.0,2.0,0.0,3.0,0.0,2.0,0.0,4.0,0.0,2.0,0.0,3.0,0.0,2.04,0.1979,4.0,0.0,2.86,0.3505,3.0,0.0,3.0,0.0,4.62,0.4903
anger_new_8.jpg,2.0,0.0,5.28,0.4536,1.0,0.0,2.0,0.0,2.0,0.0,5.0,0.0,4.0,0.0,4.0,0.0,1.0,0.0,2.78,0.4185,1.0,0.0,3.4,0.4949,1.0,0.0,6.0,0.0,1.04,0.1979,4.48,0.5047,2.0,0.0,6.0,0.0
garbagedump2_midj.jpg,1.0,0.0,5.0,0.0,1.08,0.274,2.0,0.0,1.0,0.0,6.0,0.0,1.96,0.1979,3.0,0.0,1.0,0.0,2.0,0.0,2.0,0.0,5.0,0.0,1.0,0.0,6.0,0.0,2.0,0.0,3.18,0.3881,2.0,0.0,6.0,0.0
garbagedump4_midj.jpg,1.76,0.4314,5.0,0.0,1.0,0.0,2.0,0.0,2.0,0.0,6.0,0.0,2.0,0.0,3.0,0.0,1.0,0.0,2.78,0.4185,1.0,0.0,5.0,0.0,1.0,0.0,6.0,0.0,2.0,0.0,3.0,0.0,2.0,0.0,6.0,0.0
h038_midj.jpg,1.0,0.0,3.0,0.0,2.98,0.1414,3.02,0.1414,2.0,0.0,3.98,0.1414,2.0,0.0,4.0,0.0,2.0,0.0,2.02,0.1414,3.0,0.0,5.88,0.3283,2.02,0.1414,6.0,0.0,2.0,0.0,3.0,0.0,2.9,0.303,6.0,0.0
landscapes_026_h_midj.jpg,1.0,0.0,5.0,0.0,1.88,0.3283,2.0,0.0,2.0,0.0,6.0,0.0,2.0,0.0,2.0,0.0,1.12,0.3283,2.0,0.0,2.0,0.0,5.0,0.0,1.04,0.1979,6.0,0.0,2.0,0.0,3.0,0.0,2.0,0.0,6.0,0.0
landscapes_139_h_midj.jpg,1.0,0.0,5.0,0.0,2.0,0.0,2.0,0.0,2.0,0.0,6.0,0.0,2.0,0.0,2.0,0.0,1.0,0.0,2.06,0.2399,2.0,0.0,5.0,0.0,1.0,0.0,6.0,0.0,2.0,0.0,3.0,0.0,2.0,0.0,6.0,0.0
landscapes_139_h_midj_af.jpg,1.0,0.0,5.0,0.0,2.0,0.0,2.0,0.0,2.0,0.0,6.0,0.0,2.0,0.0,2.0,0.0,2.0,0.0,2.0,0.0,2.0,0.0,5.0,0.0,2.0,0.0,6.0,0.0,2.0,0.0,3.0,0.0,2.0,0.0,6.0,0.0
landscapes_139_h_midj_as.jpg,1.0,0.0,4.62,0.4903,2.0,0.0,2.0,0.0,2.0,0.0,5.0,0.0,2.0,0.0,2.0,0.0,2.0,0.0,3.0,0.0,2.0,0.0,4.62,0.4903,2.0,0.0,5.0,0.0,2.9,0.303,3.0,0.0,2.0,0.0,5.0,0.0
landscapes_139_h_midj_euna.jpg,1.0,0.0,5.0,0.0,2.0,0.0,2.0,0.0,2.0,0.0,6.0,0.0,2.0,0.0,2.0,0.0,1.0,0.0,2.06,0.2399,2.0,0.0,5.0,0.0,1.0,0.0,6.0,0.0,2.0,0.0,3.0,0.0,2.0,0.0,6.0,0.0
landscapes_139_h_midj_sa.jpg,1.0,0.0,5.0,0.0,2.0,0.0,2.94,0.2399,1.04,0.1979,6.0,0.0,2.0,0.0,3.0,0.0,2.0,0.0,3.0,0.0,2.0,0.0,5.0,0.0,2.0,0.0,5.98,0.1414,2.9,0.303,3.0,0.0,2.0,0.0,6.0,0.0
people_127_h_midj.jpg,5.0,0.0,6.0,0.0,1.0,0.0,2.0,0.0,1.04,0.1979,5.0,0.0,5.0,0.0,6.0,0.0,2.0,0.0,2.0,0.0,1.0,0.0,5.9,0.303,1.0,0.0,6.0,0.0,1.0,0.0,6.0,0.0,2.0,0.0,6.0,0.0
picture3_midj.jpg,1.0,0.0,6.0,0.0,2.0,0.0,1.0,0.0,1.0,0.0,2.9,0.303,3.94,0.2399,6.0,0.0,1.0,0.0,2.0,0.0,1.26,0.4431,5.0,0.0,1.0,0.0,6.0,0.0,1.0,0.0,6.0,0.0,1.82,0.3881,6.0,0.0
2340_midj.jpg,5.0,0.0,1.0,0.0,6.0,0.0,2.72,0.4536,2.0,0.0,1.0,0.0,4.0,0.0,1.0,0.0,6.0,0.0,2.0,0.0,6.0,0.0,1.0,0.0,6.0,0.0,1.0,0.0,6.0,0.0,2.04,0.1979,5.04,0.1979,1.0,0.0
2340_midj_af.jpg,3.4,0.4949,1.0,0.0,6.0,0.0,3.0,0.0,2.0,0.0,1.0,0.0,3.0,0.0,1.0,0.0,6.0,0.0,2.0,0.0,6.0,0.0,2.0,0.0,6.0,0.0,1.0,0.0,6.0,0.0,2.0,0.0,5.9,0.303,1.06,0.2399
2340_midj_as.jpg,5.04,0.1979,1.0,0.0,6.0,0.0,3.0,0.0,2.0,0.0,1.0,0.0,4.0,0.0,1.0,0.0,6.0,0.0,2.0,0.0,6.0,0.0,1.0,0.0,6.36,0.4849,1.0,0.0,6.0,0.0,3.0,0.0,6.0,0.0,1.02,0.1414
2340_midj_euna.jpg,5.0,0.0,1.0,0.0,6.0,0.0,2.72,0.4536,2.0,0.0,1.0,0.0,4.0,0.0,1.0,0.0,6.0,0.0,2.0,0.0,6.0,0.0,1.0,0.0,6.0,0.0,1.0,0.0,6.0,0.0,2.04,0.1979,5.04,0.1979,1.0,0.0
2340_midj_sa.jpg,5.98,0.1414,1.0,0.0,6.0,0.0,3.0,0.0,2.0,0.0,1.0,0.0,5.0,0.0,1.0,0.0,6.0,0.0,2.0,0.0,6.0,0.0,1.54,0.5035,6.46,0.5035,1.0,0.0,5.98,0.1414,3.0,0.0,6.0,0.0,1.26,0.4431
2398_midj.jpg,3.98,0.1414,1.0,0.0,4.0,0.0,2.9,0.303,2.0,0.0,1.0,0.0,4.48,0.5047,2.0,0.0,5.14,0.3505,3.0,0.0,3.0,0.0,1.0,0.0,6.0,0.0,1.0,0.0,4.04,0.1979,3.02,0.1414,4.0,0.0,2.0,0.0
2560_midj.jpg,2.02,0.1414,1.0,0.0,5.0,0.0,3.0,0.0,5.0,0.0,1.0,0.0,3.0,0.0,1.0,0.0,5.0,0.0,3.0,0.0,5.0,0.0,2.0,0.0,6.0,0.0,2.0,0.0,5.8,0.4041,3.0,0.0,5.0,0.0,2.0,0.0
2580_midj.jpg,2.08,0.274,2.0,0.0,3.0,0.0,2.0,0.0,2.0,0.0,1.0,0.0,2.0,0.0,1.0,0.0,3.0,0.0,5.0,0.0,3.0,0.0,3.0,0.0,4.0,0.0,2.06,0.2399,5.52,0.5047,2.0,0.0,3.0,0.0,2.0,0.0
attachment_love_new_2_midj_af.jpg,3.0,0.0,1.0,0.0,6.0,0.0,3.0,0.0,2.0,0.0,1.0,0.0,3.0,0.0,1.0,0.0,6.0,0.0,3.0,0.0,6.0,0.0,2.0,0.0,6.0,0.0,1.04,0.1979,6.0,0.0,3.0,0.0,5.0,0.0,2.0,0.0
attachment_love_new_2_midj_as.jpg,3.0,0.0,1.0,0.0,6.0,0.0,3.0,0.0,2.0,0.0,1.0,0.0,3.0,0.0,1.0,0.0,6.0,0.0,3.0,0.0,6.0,0.0,2.0,0.0,6.0,0.0,1.0,0.0,6.0,0.0,2.0,0.0,5.0,0.0,2.0,0.0
attachment_love_new_2_midj_euna.jpg,3.0,0.0,1.0,0.0,6.0,0.0,3.0,0.0,2.0,0.0,1.0,0.0,3.08,0.274,1.0,0.0,5.98,0.1414,2.94,0.2399,6.0,0.0,2.0,0.0,6.0,0.0,1.96,0.1979,6.0,0.0,3.0,0.0,5.96,0.1979,2.0,0.0
attachment_love_new_2_midj_sa.jpg,3.0,0.0,1.0,0.0,6.0,0.0,3.0,0.0,2.0,0.0,1.0,0.0,3.0,0.0,1.0,0.0,5.0,0.0,3.0,0.0,6.0,0.0,2.4,0.4949,6.0,0.0,1.82,0.3881,6.0,0.0,2.72,0.4536,5.0,0.0,2.0,0.0
attachment_love_new_3_midj_af.jpg,3.0,0.0,1.0,0.0,6.0,0.0,3.0,0.0,2.0,0.0,1.0,0.0,3.0,0.0,1.0,0.0,6.0,0.0,2.0,0.0,6.0,0.0,2.0,0.0,6.0,0.0,1.88,0.3283,6.0,0.0,2.72,0.4536,6.0,0.0,2.0,0.0
attachment_love_new_3_midj_as.jpg,3.0,0.0,1.0,0.0,6.0,0.0,3.0,0.0,2.0,0.0,1.0,0.0,3.0,0.0,1.0,0.0,6.0,0.0,2.0,0.0,6.0,0.0,1.0,0.0,6.0,0.0,1.0,0.0,6.0,0.0,2.02,0.1414,6.0,0.0,1.0,0.0
attachment_love_new_3_midj_euna.jpg,3.0,0.0,1.0,0.0,6.0,0.0,3.0,0.0,2.0,0.0,1.0,0.0,3.0,0.0,1.0,0.0,6.0,0.0,2.0,0.0,6.0,0.0,2.0,0.0,7.0,0.0,1.0,0.0,6.0,0.0,2.04,0.1979,6.0,0.0,1.04,0.1979
attachment_love_new_3_midj_sa.jpg,3.0,0.0,1.0,0.0,6.0,0.0,3.0,0.0,2.0,0.0,1.0,0.0,3.0,0.0,1.0,0.0,6.0,0.0,2.08,0.274,5.0,0.0,2.0,0.0,6.0,0.0,1.82,0.3881,5.98,0.1414,2.02,0.1414,6.0,0.0,2.0,0.0
attachment_love_new_8_midj_af.jpg,2.04,0.1979,1.0,0.0,6.0,0.0,3.0,0.0,2.0,0.0,1.0,0.0,3.0,0.0,1.0,0.0,5.0,0.0,3.0,0.0,6.0,0.0,2.78,0.4185,6.0,0.0,2.0,0.0,6.0,0.0,2.94,0.2399,5.0,0.0,2.0,0.0
attachment_love_new_8_midj_as.jpg,3.0,0.0,1.0,0.0,6.0,0.0,3.0,0.0,2.0,0.0,1.0,0.0,3.0,0.0,1.0,0.0,6.0,0.0,2.38,0.4903,6.0,0.0,2.0,0.0,6.0,0.0,1.0,0.0,6.0,0.0,3.0,0.0,5.9,0.303,1.88,0.3283
attachment_love_new_8_midj_euna.jpg,3.0,0.0,1.0,0.0,6.0,0.0,3.0,0.0,3.0,0.0,1.0,0.0,3.0,0.0,1.0,0.0,6.0,0.0,2.0,0.0,6.0,0.0,2.0,0.0,6.0,0.0,1.0,0.0,6.0,0.0,3.0,0.0,6.0,0.0,2.0,0.0
attachment_love_new_8_midj_sa.jpg,3.02,0.1414,1.0,0.0,6.0,0.0,2.98,0.1414,2.0,0.0,1.0,0.0,3.0,0.0,1.0,0.0,6.0,0.0,2.04,0.1979,6.0,0.0,1.0,0.0,6.0,0.0,1.0,0.0,6.0,0.0,2.4,0.4949,5.44,0.5014,2.0,0.0
attachmentlove_new_1.jpg,3.0,0.0,1.0,0.0,6.0,0.0,2.94,0.2399,5.0,0.0,1.0,0.0,4.0,0.0,1.0,0.0,6.0,0.0,2.0,0.0,5.98,0.1414,1.0,0.0,6.0,0.0,1.0,0.0,6.0,0.0,3.0,0.0,5.96,0.1979,1.02,0.1414
attachmentlove_new_10.jpg,2.0,0.0,1.0,0.0,6.0,0.0,6.0,0.0,3.0,0.0,1.0,0.0,3.56,0.5014,1.76,0.4314,6.0,0.0,2.02,0.1414,4.0,0.0,3.0,0.0,6.0,0.0,2.0,0.0,6.0,0.0,3.0,0.0,5.0,0.0,2.0,0.0
attachmentlove_new_12.jpg,2.0,0.0,1.0,0.0,6.0,0.0,3.0,0.0,3.0,0.0,1.0,0.0,3.4,0.4949,2.0,0.0,5.0,0.0,2.0,0.0,5.14,0.3505,3.0,0.0,6.0,0.0,2.0,0.0,6.0,0.0,3.0,0.0,5.0,0.0,2.0,0.0
attachmentlove_new_2.jpg,3.0,0.0,1.0,0.0,6.0,0.0,3.0,0.0,2.0,0.0,1.0,0.0,3.08,0.274,1.0,0.0,5.98,0.1414,2.94,0.2399,6.0,0.0,2.0,0.0,6.0,0.0,1.96,0.1979,6.0,0.0,3.0,0.0,5.96,0.1979,2.0,0.0
attachmentlove_new_3.jpg,3.0,0.0,1.0,0.0,6.0,0.0,3.0,0.0,2.0,0.0,1.0,0.0,3.0,0.0,1.0,0.0,6.0,0.0,2.0,0.0,6.0,0.0,2.0,0.0,7.0,0.0,1.0,0.0,6.0,0.0,2.04,0.1979,6.0,0.0,1.04,0.1979
attachmentlove_new_5.jpg,2.0,0.0,1.0,0.0,6.0,0.0,3.0,0.0,2.0,0.0,1.0,0.0,2.98,0.1414,2.0,0.0,5.98,0.1414,2.0,0.0,6.0,0.0,5.0,0.0,6.0,0.0,3.0,0.0,5.88,0.3283,3.0,0.0,4.04,0.1979,2.0,0.0
attachmentlove_new_7.jpg,3.0,0.0,1.0,0.0,6.0,0.0,2.24,0.4314,3.68,0.4712,1.0,0.0,4.0,0.0,1.0,0.0,6.0,0.0,2.0,0.0,6.0,0.0,1.54,0.5035,6.0,0.0,1.0,0.0,6.0,0.0,3.0,0.0,6.0,0.0,1.88,0.3283
attachmentlove_new_8.jpg,3.0,0.0,1.0,0.0,6.0,0.0,3.0,0.0,3.0,0.0,1.0,0.0,3.0,0.0,1.0,0.0,6.0,0.0,2.0,0.0,6.0,0.0,2.0,0.0,6.0,0.0,1.0,0.0,6.0,0.0,3.0,0.0,6.0,0.0,2.0,0.0
attachmentlove_new_9.jpg,2.0,0.0,1.0,0.0,5.24,0.4314,3.94,0.2399,2.0,0.0,1.0,0.0,2.04,0.1979,1.26,0.4431,5.0,0.0,3.98,0.1414,5.0,0.0,3.0,0.0,5.98,0.1414,2.0,0.0,6.0,0.0,3.0,0.0,4.0,0.0,2.0,0.0
maps134_midj.jpg,2.0,0.0,1.0,0.0,6.0,0.0,3.0,0.0,1.88,0.3283,1.0,0.0,5.0,0.0,1.0,0.0,6.0,0.0,2.0,0.0,6.0,0.0,2.0,0.0,6.0,0.0,1.0,0.0,5.0,0.0,3.0,0.0,5.0,0.0,2.0,0.0
maps138_midj.jpg,2.0,0.0,2.0,0.0,3.86,0.3505,3.0,0.0,1.0,0.0,1.0,0.0,3.0,0.0,3.0,0.0,5.0,0.0,3.0,0.0,3.02,0.1414,3.0,0.0,5.0,0.0,3.0,0.0,4.0,0.0,3.0,0.0,4.04,0.1979,3.0,0.0
maps158_midj.jpg,2.58,0.4986,1.0,0.0,6.0,0.0,3.0,0.0,1.88,0.3283,1.0,0.0,5.44,0.5014,1.0,0.0,6.0,0.0,2.0,0.0,6.0,0.0,2.0,0.0,6.0,0.0,1.0,0.0,4.0,0.0,3.22,0.4185,5.0,0.0,2.0,0.0
maps158_midj_af.jpg,2.04,0.1979,2.0,0.0,6.0,0.0,4.0,0.0,2.0,0.0,1.0,0.0,5.0,0.0,2.66,0.4785,6.0,0.0,2.0,0.0,6.0,0.0,3.0,0.0,6.0,0.0,2.0,0.0,4.0,0.0,3.0,0.0,5.0,0.0,2.08,0.274
maps158_midj_as.jpg,2.0,0.0,1.0,0.0,6.0,0.0,3.0,0.0,2.0,0.0,1.0,0.0,4.48,0.5047,2.0,0.0,6.0,0.0,2.06,0.2399,5.04,0.1979,3.0,0.0,6.0,0.0,2.0,0.0,4.02,0.1414,3.08,0.274,5.0,0.0,2.0,0.0
maps158_midj_euna.jpg,2.58,0.4986,1.0,0.0,6.0,0.0,3.0,0.0,1.88,0.3283,1.0,0.0,5.44,0.5014,1.0,0.0,6.0,0.0,2.0,0.0,6.0,0.0,2.0,0.0,6.0,0.0,1.0,0.0,4.0,0.0,3.22,0.4185,5.0,0.0,2.0,0.0
maps158_midj_sa.jpg,2.0,0.0,2.0,0.0,6.0,0.0,3.0,0.0,2.0,0.0,1.0,0.0,3.2,0.4041,3.0,0.0,5.0,0.0,2.98,0.1414,5.0,0.0,5.0,0.0,5.0,0.0,3.2,0.4041,3.3,0.4629,3.0,0.0,3.98,0.1414,3.0,0.0
maps236_midj.jpg,2.0,0.0,2.0,0.0,3.0,0.0,3.0,0.0,1.0,0.0,2.0,0.0,3.0,0.0,3.0,0.0,4.0,0.0,3.0,0.0,2.0,0.0,3.08,0.274,3.78,0.4185,4.0,0.0,3.2,0.4041,4.0,0.0,3.0,0.0,4.92,0.274
picture197_mid.jpg,6.0,0.0,1.0,0.0,4.92,0.274,2.0,0.0,2.0,0.0,1.0,0.0,5.98,0.1414,1.0,0.0,6.0,0.0,2.0,0.0,3.0,0.0,1.0,0.0,6.0,0.0,1.0,0.0,3.0,0.0,4.0,0.0,5.0,0.0,2.0,0.0
posmidsoc_3_midj.jpg,3.0,0.0,1.0,0.0,5.0,0.0,2.24,0.4314,2.0,0.0,1.0,0.0,3.0,0.0,1.0,0.0,5.0,0.0,3.0,0.0,5.0,0.0,3.0,0.0,6.0,0.0,2.0,0.0,5.88,0.3283,2.02,0.1414,4.0,0.0,2.0,0.0
wedding4_midj.jpg,3.0,0.0,1.0,0.0,5.0,0.0,3.0,0.0,6.0,0.0,1.0,0.0,3.0,0.0,1.0,0.0,6.0,0.0,2.02,0.1414,5.0,0.0,2.0,0.0,6.0,0.0,1.0,0.0,6.0,0.0,2.58,0.4986,5.04,0.1979,1.82,0.3881
awe_new_1.jpg,2.0,0.0,1.0,0.0,3.56,0.5014,6.0,0.0,3.0,0.0,1.0,0.0,3.0,0.0,2.0,0.0,5.0,0.0,3.0,0.0,3.0,0.0,2.0,0.0,6.0,0.0,2.0,0.0,6.0,0.0,3.0,0.0,5.0,0.0,2.0,0.0
awe_new_1_midj_af.jpg,2.0,0.0,1.0,0.0,3.0,0.0,6.0,0.0,2.0,0.0,1.0,0.0,3.68,0.4712,1.76,0.4314,5.0,0.0,3.0,0.0,2.78,0.4185,2.0,0.0,6.0,0.0,1.0,0.0,6.0,0.0,3.0,0.0,5.0,0.0,2.0,0.0
awe_new_1_midj_as.jpg,2.0,0.0,1.0,0.0,3.0,0.0,6.0,0.0,2.0,0.0,1.0,0.0,3.0,0.0,2.0,0.0,5.0,0.0,3.0,0.0,3.0,0.0,2.0,0.0,6.0,0.0,1.04,0.1979,6.0,0.0,3.0,0.0,5.0,0.0,2.0,0.0
awe_new_1_midj_euna.jpg,2.0,0.0,1.0,0.0,3.56,0.5014,6.0,0.0,3.0,0.0,1.0,0.0,3.0,0.0,2.0,0.0,5.0,0.0,3.0,0.0,3.0,0.0,2.0,0.0,6.0,0.0,2.0,0.0,6.0,0.0,3.0,0.0,5.0,0.0,2.0,0.0
awe_new_1_midj_sa.jpg,2.0,0.0,1.0,0.0,3.0,0.0,6.0,0.0,2.0,0.0,1.0,0.0,3.0,0.0,2.0,0.0,5.0,0.0,3.0,0.0,2.86,0.3505,3.0,0.0,6.0,0.0,2.0,0.0,6.0,0.0,3.0,0.0,5.0,0.0,2.0,0.0
awe_new_2.jpg,2.0,0.0,1.0,0.0,2.9,0.303,6.0,0.0,2.0,0.0,1.0,0.0,3.68,0.4712,2.0,0.0,4.0,0.0,3.0,0.0,2.0,0.0,3.0,0.0,6.0,0.0,2.0,0.0,6.0,0.0,3.0,0.0,4.0,0.0,2.0,0.0
awe_new_3.jpg,2.0,0.0,1.0,0.0,2.0,0.0,6.0,0.0,2.0,0.0,1.0,0.0,3.0,0.0,2.0,0.0,4.0,0.0,3.0,0.0,2.0,0.0,2.0,0.0,5.0,0.0,2.0,0.0,6.0,0.0,3.0,0.0,4.0,0.0,2.0,0.0
awe_new_4.jpg,2.0,0.0,1.02,0.1414,2.0,0.0,6.0,0.0,2.0,0.0,1.0,0.0,3.0,0.0,2.0,0.0,3.0,0.0,4.86,0.3505,2.0,0.0,3.0,0.0,4.0,0.0,2.0,0.0,6.0,0.0,3.0,0.0,3.0,0.0,3.0,0.0
awe_new_5.jpg,2.0,0.0,1.0,0.0,3.0,0.0,6.0,0.0,2.0,0.0,1.0,0.0,3.0,0.0,1.54,0.5035,5.0,0.0,3.0,0.0,2.72,0.4536,2.0,0.0,6.0,0.0,1.0,0.0,6.0,0.0,3.0,0.0,5.0,0.0,2.0,0.0
awe_new_6.jpg,2.0,0.0,1.0,0.0,3.0,0.0,4.16,0.3703,3.0,0.0,1.0,0.0,3.98,0.1414,1.62,0.4903,4.92,0.274,3.0,0.0,2.0,0.0,2.0,0.0,5.96,0.1979,2.0,0.0,5.0,0.0,3.0,0.0,4.86,0.3505,2.0,0.0
awe_new_7.jpg,2.0,0.0,1.0,0.0,3.0,0.0,6.0,0.0,3.0,0.0,1.0,0.0,3.78,0.4185,1.0,0.0,5.0,0.0,3.0,0.0,2.9,0.303,2.0,0.0,6.0,0.0,1.02,0.1414,6.0,0.0,3.0,0.0,5.0,0.0,2.0,0.0
awe_new_8.jpg,2.0,0.0,1.02,0.1414,2.12,0.3283,6.0,0.0,2.0,0.0,1.0,0.0,4.0,0.0,2.0,0.0,5.0,0.0,2.98,0.1414,2.0,0.0,2.0,0.0,6.0,0.0,2.0,0.0,6.0,0.0,3.0,0.0,5.0,0.0,2.0,0.0
awe_new_8_midj_af.jpg,2.0,0.0,1.0,0.0,3.0,0.0,6.0,0.0,2.0,0.0,1.0,0.0,3.98,0.1414,2.0,0.0,5.0,0.0,3.0,0.0,2.0,0.0,2.0,0.0,6.0,0.0,1.0,0.0,6.0,0.0,3.0,0.0,5.0,0.0,2.0,0.0
awe_new_8_midj_as.jpg,2.0,0.0,1.0,0.0,3.0,0.0,6.0,0.0,2.0,0.0,1.0,0.0,4.0,0.0,2.0,0.0,5.96,0.1979,2.98,0.1414,2.0,0.0,2.0,0.0,6.0,0.0,2.0,0.0,6.0,0.0,3.22,0.4185,6.0,0.0,2.0,0.0
awe_new_8_midj_euna.jpg,2.0,0.0,1.02,0.1414,2.12,0.3283,6.0,0.0,2.0,0.0,1.0,0.0,4.0,0.0,2.0,0.0,5.0,0.0,2.98,0.1414,2.0,0.0,2.0,0.0,6.0,0.0,2.0,0.0,6.0,0.0,3.0,0.0,5.0,0.0,2.0,0.0
awe_new_8_midj_sa.jpg,2.0,0.0,1.0,0.0,3.0,0.0,6.0,0.0,2.0,0.0,1.0,0.0,3.2,0.4041,2.0,0.0,5.0,0.0,2.58,0.4986,2.0,0.0,2.0,0.0,6.0,0.0,1.98,0.1414,6.0,0.0,3.0,0.0,5.0,0.0,2.0,0.0
lake12_midj.jpg,2.0,0.0,1.0,0.0,3.0,0.0,6.0,0.0,2.0,0.0,1.0,0.0,3.4,0.4949,1.0,0.0,5.28,0.4536,2.86,0.3505,2.0,0.0,2.0,0.0,6.0,0.0,1.0,0.0,6.0,0.0,3.0,0.0,5.0,0.0,2.0,0.0
lake2_midj.jpg,2.0,0.0,1.0,0.0,3.0,0.0,5.0,0.0,2.0,0.0,1.0,0.0,2.58,0.4986,1.0,0.0,5.0,0.0,5.0,0.0,2.4,0.4949,2.0,0.0,6.0,0.0,1.0,0.0,6.0,0.0,2.0,0.0,4.98,0.1414,2.0,0.0
landscapes_121_h_midj.jpg,2.0,0.0,1.0,0.0,3.0,0.0,4.04,0.1979,2.0,0.0,1.0,0.0,3.0,0.0,1.0,0.0,5.0,0.0,4.0,0.0,2.0,0.0,2.0,0.0,6.0,0.0,1.26,0.4431,6.0,0.0,3.0,0.0,5.0,0.0,2.0,0.0
landscapes_140_v_midj.jpg,2.24,0.4314,1.0,0.0,3.0,0.0,5.0,0.0,3.0,0.0,1.0,0.0,3.98,0.1414,2.0,0.0,5.0,0.0,3.0,0.0,3.0,0.0,2.0,0.0,6.0,0.0,2.0,0.0,6.0,0.0,3.0,0.0,5.0,0.0,2.0,0.0
landscapes_154_h_midj.jpg,2.0,0.0,1.0,0.0,2.08,0.274,5.52,0.5047,2.0,0.0,1.0,0.0,3.0,0.0,2.0,0.0,4.0,0.0,4.0,0.0,2.0,0.0,2.0,0.0,5.0,0.0,2.0,0.0,6.0,0.0,3.0,0.0,4.0,0.0,2.0,0.0
landscapes_180_h_midj.jpg,2.08,0.274,1.0,0.0,3.0,0.0,4.0,0.0,3.0,0.0,1.0,0.0,3.0,0.0,1.0,0.0,5.0,0.0,3.0,0.0,2.12,0.3283,2.0,0.0,6.0,0.0,1.0,0.0,6.0,0.0,3.0,0.0,5.44,0.5014,2.0,0.0
p045_midj.jpg,2.0,0.0,1.98,0.1414,2.78,0.4185,6.0,0.0,2.0,0.0,1.0,0.0,3.56,0.5014,2.0,0.0,5.0,0.0,3.0,0.0,2.0,0.0,3.0,0.0,6.0,0.0,2.0,0.0,6.0,0.0,3.0,0.0,4.02,0.1414,2.0,0.0
p067_midj.jpg,2.0,0.0,1.0,0.0,3.0,0.0,4.0,0.0,3.0,0.0,1.0,0.0,3.0,0.0,1.0,0.0,5.0,0.0,3.0,0.0,3.0,0.0,2.0,0.0,6.0,0.0,1.0,0.0,6.0,0.0,2.86,0.3505,5.0,0.0,2.0,0.0
p070_midj.jpg,2.0,0.0,1.0,0.0,3.0,0.0,6.0,0.0,2.0,0.0,1.0,0.0,4.04,0.1979,2.0,0.0,5.0,0.0,3.0,0.0,2.0,0.0,2.0,0.0,6.0,0.0,1.02,0.1414,6.0,0.0,3.2,0.4041,5.0,0.0,2.0,0.0
p070_midj_af.jpg,2.0,0.0,1.0,0.0,3.0,0.0,6.0,0.0,2.0,0.0,1.0,0.0,4.0,0.0,1.44,0.5014,6.0,0.0,2.24,0.4314,2.4,0.4949,2.0,0.0,6.0,0.0,1.0,0.0,6.0,0.0,3.0,0.0,6.0,0.0,2.0,0.0
p070_midj_as.jpg,2.0,0.0,1.0,0.0,3.0,0.0,6.0,0.0,2.9,0.303,1.0,0.0,3.18,0.3881,1.0,0.0,6.0,0.0,2.08,0.274,3.0,0.0,2.0,0.0,6.0,0.0,1.0,0.0,6.0,0.0,3.0,0.0,6.0,0.0,2.0,0.0
p070_midj_euna.jpg,2.0,0.0,1.0,0.0,3.0,0.0,6.0,0.0,2.0,0.0,1.0,0.0,4.04,0.1979,2.0,0.0,5.0,0.0,3.0,0.0,2.0,0.0,2.0,0.0,6.0,0.0,1.02,0.1414,6.0,0.0,3.2,0.4041,5.0,0.0,2.0,0.0
p070_midj_sa.jpg,2.9,0.303,2.0,0.0,3.0,0.0,6.0,0.0,3.0,0.0,2.0,0.0,5.0,0.0,3.0,0.0,5.0,0.0,3.0,0.0,2.0,0.0,2.9,0.303,5.0,0.0,2.0,0.0,5.0,0.0,4.0,0.0,5.0,0.0,3.0,0.0
p092_midj.jpg,2.0,0.0,1.0,0.0,3.0,0.0,6.0,0.0,3.0,0.0,1.0,0.0,3.0,0.0,2.0,0.0,5.0,0.0,3.0,0.0,3.0,0.0,2.0,0.0,5.44,0.5014,2.0,0.0,6.0,0.0,3.0,0.0,5.0,0.0,2.0,0.0
p092_midj_af.jpg,2.0,0.0,1.0,0.0,3.0,0.0,6.0,0.0,2.0,0.0,1.0,0.0,3.0,0.0,2.0,0.0,5.0,0.0,3.0,0.0,2.86,0.3505,2.0,0.0,6.0,0.0,1.0,0.0,6.0,0.0,3.0,0.0,5.0,0.0,2.0,0.0
p092_midj_as.jpg,2.0,0.0,1.0,0.0,3.0,0.0,6.0,0.0,3.0,0.0,1.0,0.0,3.0,0.0,1.12,0.3283,5.0,0.0,2.04,0.1979,3.0,0.0,2.0,0.0,6.0,0.0,2.0,0.0,6.0,0.0,3.0,0.0,5.0,0.0,2.0,0.0
p092_midj_euna.jpg,2.0,0.0,1.0,0.0,3.0,0.0,5.0,0.0,2.94,0.2399,1.0,0.0,3.0,0.0,2.0,0.0,4.0,0.0,3.0,0.0,2.58,0.4986,2.08,0.274,5.0,0.0,2.0,0.0,5.98,0.1414,3.0,0.0,4.24,0.4314,2.0,0.0
p092_midj_sa.jpg,2.0,0.0,1.0,0.0,3.0,0.0,6.0,0.0,2.0,0.0,1.0,0.0,3.0,0.0,1.04,0.1979,5.14,0.3505,2.78,0.4185,2.0,0.0,2.0,0.0,6.0,0.0,1.0,0.0,6.0,0.0,3.0,0.0,5.0,0.0,2.0,0.0
poshighnonsoc_14_midj.jpg,2.0,0.0,1.0,0.0,3.0,0.0,6.0,0.0,2.0,0.0,1.0,0.0,3.98,0.1414,2.0,0.0,4.0,0.0,3.0,0.0,2.0,0.0,3.0,0.0,5.0,0.0,2.0,0.0,6.0,0.0,3.0,0.0,5.0,0.0,2.0,0.0
poshighnonsoc_14_midj_af.jpg,2.04,0.1979,1.0,0.0,3.0,0.0,6.0,0.0,2.0,0.0,1.0,0.0,4.0,0.0,2.0,0.0,5.02,0.1414,3.0,0.0,2.0,0.0,2.0,0.0,6.0,0.0,1.96,0.1979,6.0,0.0,3.0,0.0,5.92,0.274,2.0,0.0
poshighnonsoc_14_midj_as.jpg,2.0,0.0,1.0,0.0,3.0,0.0,6.0,0.0,2.0,0.0,1.0,0.0,3.0,0.0,2.0,0.0,5.0,0.0,3.0,0.0,2.0,0.0,2.0,0.0,6.0,0.0,1.04,0.1979,6.0,0.0,3.0,0.0,5.0,0.0,2.0,0.0
poshighnonsoc_14_midj_euna.jpg,2.0,0.0,1.0,0.0,3.0,0.0,6.0,0.0,2.0,0.0,1.0,0.0,3.98,0.1414,2.0,0.0,4.0,0.0,3.0,0.0,2.0,0.0,3.0,0.0,5.0,0.0,2.0,0.0,6.0,0.0,3.0,0.0,5.0,0.0,2.0,0.0
poshighnonsoc_14_midj_sa.jpg,2.0,0.0,1.0,0.0,3.0,0.0,6.0,0.0,2.0,0.0,1.0,0.0,4.0,0.0,2.0,0.0,6.0,0.0,2.58,0.4986,2.0,0.0,2.0,0.0,6.0,0.0,1.0,0.0,6.0,0.0,3.0,0.0,6.0,0.0,2.0,0.0
poshighnonsoc_7_midj.jpg,3.0,0.0,1.0,0.0,4.0,0.0,5.02,0.1414,3.0,0.0,1.0,0.0,3.0,0.0,1.54,0.5035,6.0,0.0,2.24,0.4314,3.0,0.0,2.9,0.303,6.0,0.0,2.0,0.0,6.0,0.0,3.0,0.0,5.0,0.0,2.0,0.0
0147_midj.jpg,2.0,0.0,1.0,0.0,2.08,0.274,2.0,0.0,5.0,0.0,1.0,0.0,2.0,0.0,1.0,0.0,4.0,0.0,3.0,0.0,2.86,0.3505,1.0,0.0,5.02,0.1414,1.0,0.0,4.0,0.0,2.0,0.0,5.0,0.0,1.44,0.5014
0325_midj.jpg,2.02,0.1414,1.0,0.0,3.0,0.0,2.0,0.0,6.0,0.0,1.0,0.0,3.0,0.0,1.0,0.0,5.0,0.0,2.78,0.4185,3.0,0.0,1.88,0.3283,6.0,0.0,1.0,0.0,4.0,0.0,3.0,0.0,6.0,0.0,2.0,0.0
7330_midj.jpg,3.0,0.0,1.0,0.0,3.0,0.0,2.0,0.0,6.0,0.0,2.0,0.0,3.22,0.4185,1.0,0.0,6.0,0.0,2.0,0.0,2.0,0.0,1.0,0.0,6.0,0.0,1.0,0.0,4.0,0.0,3.0,0.0,6.0,0.0,2.0,0.0
7405_midj.jpg,2.04,0.1979,1.0,0.0,3.0,0.0,2.0,0.0,6.0,0.0,1.0,0.0,3.0,0.0,1.0,0.0,5.0,0.0,3.0,0.0,3.0,0.0,1.0,0.0,6.0,0.0,1.0,0.0,5.0,0.0,3.0,0.0,6.0,0.0,2.0,0.0
7405_midj_af.jpg,2.04,0.1979,1.0,0.0,3.0,0.0,2.0,0.0,6.0,0.0,1.0,0.0,3.0,0.0,1.0,0.0,5.0,0.0,3.0,0.0,4.0,0.0,1.98,0.1414,5.98,0.1414,1.0,0.0,5.0,0.0,2.04,0.1979,5.0,0.0,2.0,0.0
7405_midj_as.jpg,2.0,0.0,1.0,0.0,3.0,0.0,2.0,0.0,6.0,0.0,1.44,0.5014,3.0,0.0,1.0,0.0,4.0,0.0,3.0,0.0,3.18,0.3881,1.36,0.4849,5.24,0.4314,1.0,0.0,4.38,0.4903,3.0,0.0,5.44,0.5014,2.0,0.0
7405_midj_euna.jpg,2.04,0.1979,1.0,0.0,3.0,0.0,2.0,0.0,6.0,0.0,1.0,0.0,3.0,0.0,1.0,0.0,5.0,0.0,3.0,0.0,3.0,0.0,1.0,0.0,6.0,0.0,1.0,0.0,5.0,0.0,3.0,0.0,6.0,0.0,2.0,0.0
7405_midj_sa.jpg,2.02,0.1414,1.0,0.0,3.0,0.0,2.0,0.0,6.0,0.0,1.0,0.0,3.0,0.0,1.0,0.0,5.0,0.0,2.78,0.4185,3.0,0.0,1.0,0.0,6.0,0.0,1.0,0.0,4.0,0.0,3.0,0.0,6.0,0.0,2.0,0.0
craving_new_1.jpg,2.0,0.0,1.0,0.0,2.0,0.0,2.0,0.0,6.0,0.0,2.0,0.0,3.02,0.1414,1.0,0.0,5.0,0.0,2.0,0.0,2.0,0.0,1.0,0.0,6.0,0.0,2.0,0.0,3.0,0.0,3.86,0.3505,6.0,0.0,2.0,0.0
craving_new_10.jpg,2.0,0.0,1.0,0.0,3.0,0.0,2.0,0.0,6.0,0.0,1.0,0.0,3.56,0.5014,1.0,0.0,5.0,0.0,2.0,0.0,2.98,0.1414,1.0,0.0,6.0,0.0,1.0,0.0,3.0,0.0,3.0,0.0,6.0,0.0,2.0,0.0
craving_new_11.jpg,2.0,0.0,1.0,0.0,3.0,0.0,2.0,0.0,6.0,0.0,1.0,0.0,3.0,0.0,1.0,0.0,5.0,0.0,2.04,0.1979,3.0,0.0,1.02,0.1414,6.0,0.0,1.0,0.0,5.0,0.0,3.0,0.0,6.0,0.0,2.0,0.0
craving_new_12.jpg,3.0,0.0,1.0,0.0,3.0,0.0,2.0,0.0,6.0,0.0,1.0,0.0,3.0,0.0,1.0,0.0,5.04,0.1979,2.06,0.2399,3.2,0.4041,1.0,0.0,6.0,0.0,1.0,0.0,5.0,0.0,3.0,0.0,6.0,0.0,1.04,0.1979
craving_new_13.jpg,2.0,0.0,1.0,0.0,2.4,0.4949,2.0,0.0,6.0,0.0,2.0,0.0,2.0,0.0,1.0,0.0,4.0,0.0,3.0,0.0,3.0,0.0,1.64,0.4849,5.0,0.0,1.88,0.3283,3.3,0.4629,2.58,0.4986,5.0,0.0,2.0,0.0
craving_new_14.jpg,2.0,0.0,1.0,0.0,3.0,0.0,2.0,0.0,5.98,0.1414,2.0,0.0,2.02,0.1414,1.0,0.0,4.0,0.0,3.0,0.0,4.0,0.0,2.0,0.0,5.0,0.0,2.0,0.0,4.0,0.0,3.0,0.0,5.0,0.0,2.0,0.0
craving_new_15.jpg,2.0,0.0,1.0,0.0,2.0,0.0,2.0,0.0,6.0,0.0,2.0,0.0,3.0,0.0,1.0,0.0,5.0,0.0,2.0,0.0,2.78,0.4185,1.0,0.0,6.0,0.0,2.0,0.0,3.0,0.0,3.78,0.4185,6.0,0.0,2.0,0.0
craving_new_16.jpg,2.0,0.0,1.0,0.0,2.0,0.0,2.0,0.0,6.0,0.0,2.0,0.0,3.18,0.3881,1.0,0.0,5.0,0.0,2.0,0.0,2.0,0.0,1.0,0.0,6.0,0.0,2.0,0.0,2.0,0.0,3.0,0.0,6.0,0.0,2.0,0.0
craving_new_1_midj_af.jpg,2.0,0.0,1.0,0.0,2.02,0.1414,2.0,0.0,6.0,0.0,2.0,0.0,3.0,0.0,1.0,0.0,4.0,0.0,3.0,0.0,3.0,0.0,1.0,0.0,5.0,0.0,1.26,0.4431,3.0,0.0,3.0,0.0,5.52,0.5047,2.0,0.0
craving_new_1_midj_as.jpg,2.0,0.0,1.0,0.0,2.24,0.4314,2.0,0.0,5.0,0.0,1.0,0.0,3.0,0.0,1.0,0.0,4.0,0.0,3.0,0.0,3.0,0.0,1.0,0.0,5.0,0.0,1.0,0.0,3.0,0.0,3.0,0.0,5.0,0.0,2.0,0.0
craving_new_1_midj_euna.jpg,2.0,0.0,1.0,0.0,2.0,0.0,2.0,0.0,6.0,0.0,2.0,0.0,3.02,0.1414,1.0,0.0,5.0,0.0,2.0,0.0,2.0,0.0,1.0,0.0,6.0,0.0,2.0,0.0,3.0,0.0,3.86,0.3505,6.0,0.0,2.0,0.0
craving_new_1_midj_sa.jpg,2.0,0.0,1.0,0.0,2.66,0.4785,2.0,0.0,6.0,0.0,1.0,0.0,3.0,0.0,1.0,0.0,4.24,0.4314,2.9,0.303,3.0,0.0,1.0,0.0,5.98,0.1414,1.0,0.0,3.0,0.0,3.0,0.0,6.0,0.0,1.98,0.1414
craving_new_2.jpg,2.0,0.0,1.0,0.0,3.0,0.0,2.0,0.0,6.0,0.0,1.0,0.0,3.0,0.0,1.0,0.0,5.0,0.0,2.0,0.0,3.0,0.0,1.04,0.1979,6.0,0.0,1.0,0.0,4.0,0.0,3.0,0.0,6.0,0.0,2.0,0.0
craving_new_2_midj_af.jpg,2.0,0.0,1.0,0.0,3.0,0.0,2.0,0.0,6.0,0.0,2.0,0.0,2.94,0.2399,1.0,0.0,4.0,0.0,3.0,0.0,4.0,0.0,2.0,0.0,5.0,0.0,1.82,0.3881,3.2,0.4041,3.0,0.0,5.0,0.0,2.0,0.0
craving_new_2_midj_as.jpg,2.0,0.0,1.0,0.0,2.94,0.2399,2.0,0.0,6.0,0.0,1.08,0.274,3.0,0.0,1.0,0.0,5.0,0.0,2.04,0.1979,2.9,0.303,1.0,0.0,6.0,0.0,1.0,0.0,4.0,0.0,3.0,0.0,6.0,0.0,2.0,0.0
craving_new_2_midj_euna.jpg,2.0,0.0,1.0,0.0,3.0,0.0,2.0,0.0,6.0,0.0,1.0,0.0,3.0,0.0,1.0,0.0,5.0,0.0,2.04,0.1979,3.0,0.0,1.0,0.0,6.0,0.0,1.0,0.0,4.98,0.1414,3.0,0.0,6.0,0.0,2.0,0.0
craving_new_2_midj_sa.jpg,2.0,0.0,1.0,0.0,2.4,0.4949,2.0,0.0,6.0,0.0,2.0,0.0,3.0,0.0,1.0,0.0,4.0,0.0,3.0,0.0,3.0,0.0,1.0,0.0,5.02,0.1414,1.26,0.4431,4.0,0.0,3.0,0.0,5.08,0.274,2.0,0.0
craving_new_3.jpg,2.0,0.0,1.0,0.0,2.58,0.4986,3.0,0.0,6.0,0.0,2.0,0.0,3.0,0.0,1.0,0.0,5.0,0.0,3.0,0.0,2.0,0.0,1.0,0.0,6.0,0.0,1.02,0.1414,3.0,0.0,3.0,0.0,6.0,0.0,2.0,0.0
craving_new_3_midj_af.jpg,2.0,0.0,1.0,0.0,2.9,0.303,2.0,0.0,5.0,0.0,1.02,0.1414,2.04,0.1979,1.0,0.0,3.56,0.5014,3.0,0.0,3.0,0.0,1.0,0.0,5.0,0.0,1.0,0.0,3.68,0.4712,2.02,0.1414,5.0,0.0,2.0,0.0
craving_new_3_midj_as.jpg,2.0,0.0,1.0,0.0,2.06,0.2399,2.0,0.0,6.0,0.0,1.0,0.0,3.0,0.0,1.0,0.0,4.0,0.0,3.0,0.0,3.0,0.0,1.0,0.0,5.38,0.4903,1.0,0.0,3.0,0.0,3.0,0.0,6.0,0.0,2.0,0.0
craving_new_3_midj_euna.jpg,2.0,0.0,1.0,0.0,3.0,0.0,2.0,0.0,5.98,0.1414,2.0,0.0,2.02,0.1414,1.0,0.0,4.0,0.0,3.0,0.0,4.0,0.0,2.0,0.0,5.0,0.0,2.0,0.0,4.0,0.0,3.0,0.0,5.0,0.0,2.0,0.0
craving_new_3_midj_sa.jpg,2.0,0.0,1.0,0.0,2.0,0.0,2.0,0.0,5.02,0.1414,1.0,0.0,2.94,0.2399,1.0,0.0,3.0,0.0,3.0,0.0,3.0,0.0,1.26,0.4431,4.62,0.4903,1.0,0.0,3.0,0.0,2.86,0.3505,5.0,0.0,2.0,0.0
craving_new_4.jpg,2.04,0.1979,1.0,0.0,3.0,0.0,2.04,0.1979,6.0,0.0,2.0,0.0,3.0,0.0,1.0,0.0,5.24,0.4314,3.0,0.0,3.0,0.0,1.04,0.1979,6.0,0.0,1.44,0.5014,5.0,0.0,3.0,0.0,6.0,0.0,2.0,0.0
craving_new_4_midj_af.jpg,2.0,0.0,1.0,0.0,3.0,0.0,2.0,0.0,5.9,0.303,1.88,0.3283,3.0,0.0,1.0,0.0,4.0,0.0,3.0,0.0,3.0,0.0,1.12,0.3283,5.0,0.0,1.0,0.0,4.66,0.4785,2.98,0.1414,5.0,0.0,2.0,0.0
craving_new_4_midj_as.jpg,3.0,0.0,1.0,0.0,3.0,0.0,3.0,0.0,6.0,0.0,2.0,0.0,3.0,0.0,1.0,0.0,5.0,0.0,3.0,0.0,3.98,0.1414,1.02,0.1414,6.0,0.0,1.0,0.0,5.0,0.0,3.0,0.0,6.0,0.0,2.0,0.0
craving_new_4_midj_euna.jpg,3.0,0.0,1.0,0.0,3.0,0.0,2.0,0.0,6.0,0.0,1.0,0.0,3.0,0.0,1.0,0.0,5.04,0.1979,2.06,0.2399,3.2,0.4041,1.0,0.0,6.0,0.0,1.0,0.0,5.0,0.0,3.0,0.0,6.0,0.0,1.04,0.1979
craving_new_4_midj_sa.jpg,2.0,0.0,1.0,0.0,3.0,0.0,2.0,0.0,6.0,0.0,1.0,0.0,3.0,0.0,1.0,0.0,5.0,0.0,2.0,0.0,3.0,0.0,1.0,0.0,6.0,0.0,1.0,0.0,4.0,0.0,3.0,0.0,6.0,0.0,2.0,0.0
craving_new_5.jpg,2.0,0.0,1.0,0.0,3.0,0.0,2.0,0.0,6.0,0.0,1.0,0.0,3.0,0.0,1.0,0.0,5.0,0.0,2.0,0.0,2.9,0.303,1.0,0.0,6.0,0.0,1.0,0.0,4.0,0.0,3.0,0.0,6.0,0.0,2.0,0.0
craving_new_6.jpg,2.0,0.0,1.0,0.0,2.0,0.0,2.0,0.0,6.0,0.0,2.0,0.0,3.0,0.0,1.0,0.0,4.0,0.0,2.08,0.274,2.58,0.4986,1.0,0.0,5.14,0.3505,2.0,0.0,3.0,0.0,3.0,0.0,5.98,0.1414,2.0,0.0
craving_new_7.jpg,2.02,0.1414,1.0,0.0,3.0,0.0,2.0,0.0,6.0,0.0,1.0,0.0,3.0,0.0,1.0,0.0,5.98,0.1414,2.02,0.1414,3.2,0.4041,1.0,0.0,6.0,0.0,1.0,0.0,5.0,0.0,3.0,0.0,6.0,0.0,1.98,0.1414
craving_new_8.jpg,2.0,0.0,1.0,0.0,3.0,0.0,2.0,0.0,6.0,0.0,1.0,0.0,3.0,0.0,1.0,0.0,5.0,0.0,2.04,0.1979,3.0,0.0,1.0,0.0,6.0,0.0,1.0,0.0,4.98,0.1414,3.0,0.0,6.0,0.0,2.0,0.0
craving_new_9.jpg,2.0,0.0,1.0,0.0,2.94,0.2399,2.0,0.0,6.0,0.0,1.08,0.274,3.0,0.0,1.0,0.0,5.0,0.0,2.04,0.1979,2.9,0.303,1.0,0.0,6.0,0.0,1.0,0.0,4.0,0.0,3.0,0.0,6.0,0.0,2.0,0.0
1119_bodyproducts_midj.jpg,1.64,0.4849,5.0,0.0,1.0,0.0,1.0,0.0,1.0,0.0,6.0,0.0,1.0,0.0,3.0,0.0,1.0,0.0,2.0,0.0,1.0,0.0,3.98,0.1414,1.0,0.0,6.0,0.0,1.0,0.0,3.0,0.0,1.36,0.4849,6.0,0.0
1120_bodyproducts_midj.jpg,2.0,0.0,4.0,0.0,1.0,0.0,1.0,0.0,2.0,0.0,6.0,0.0,2.0,0.0,2.0,0.0,1.0,0.0,3.0,0.0,1.0,0.0,3.08,0.274,1.0,0.0,5.52,0.5047,2.0,0.0,2.38,0.4903,2.0,0.0,6.0,0.0
1139_bodyproducts_midj.jpg,2.0,0.0,3.0,0.0,1.0,0.0,1.0,0.0,1.0,0.0,6.0,0.0,1.0,0.0,3.0,0.0,1.0,0.0,3.0,0.0,1.0,0.0,3.0,0.0,1.0,0.0,6.0,0.0,2.0,0.0,2.0,0.0,1.44,0.5014,6.0,0.0
1209_death_midj_af.jpg,1.0,0.0,5.1,0.303,1.0,0.0,2.0,0.0,1.0,0.0,7.0,0.0,1.0,0.0,6.0,0.0,1.0,0.0,2.0,0.0,1.0,0.0,6.0,0.0,1.0,0.0,7.0,0.0,1.0,0.0,5.0,0.0,1.0,0.0,7.0,0.0
1209_death_midj_as.jpg,1.0,0.0,3.0,0.0,1.0,0.0,3.0,0.0,1.0,0.0,6.36,0.4849,2.0,0.0,6.0,0.0,1.0,0.0,2.0,0.0,1.0,0.0,6.0,0.0,1.0,0.0,6.0,0.0,1.62,0.4903,5.0,0.0,2.0,0.0,6.64,0.4849
1209_death_midj_euna.jpg,1.0,0.0,5.0,0.0,1.0,0.0,2.0,0.0,1.0,0.0,7.0,0.0,2.0,0.0,6.0,0.0,1.0,0.0,2.0,0.0,1.0,0.0,6.0,0.0,1.0,0.0,7.0,0.0,1.0,0.0,5.52,0.5047,1.0,0.0,7.0,0.0
1209_death_midj_sa.jpg,1.0,0.0,5.96,0.1979,2.0,0.0,3.0,0.0,1.0,0.0,6.0,0.0,2.0,0.0,5.0,0.0,1.0,0.0,2.0,0.0,2.0,0.0,6.0,0.0,1.0,0.0,6.0,0.0,1.76,0.4314,4.04,0.1979,2.0,0.0,6.0,0.0
1271_hygiene_midj.jpg,1.0,0.0,4.0,0.0,1.0,0.0,2.0,0.0,1.0,0.0,6.0,0.0,2.0,0.0,3.86,0.3505,1.0,0.0,2.0,0.0,1.0,0.0,5.0,0.0,1.0,0.0,6.0,0.0,1.04,0.1979,3.0,0.0,2.0,0.0,6.0,0.0
a100_midj.jpg,1.0,0.0,3.0,0.0,1.0,0.0,2.0,0.0,1.0,0.0,7.0,0.0,2.0,0.0,5.96,0.1979,1.0,0.0,2.0,0.0,1.0,0.0,5.0,0.0,1.0,0.0,7.0,0.0,1.0,0.0,6.0,0.0,1.54,0.5035,7.0,0.0
animal_carcass_5_midj_af.jpg,1.0,0.0,5.0,0.0,1.0,0.0,2.0,0.0,1.0,0.0,7.0,0.0,1.0,0.0,5.66,0.4785,1.0,0.0,2.0,0.0,1.0,0.0,6.0,0.0,1.0,0.0,7.0,0.0,1.0,0.0,5.0,0.0,1.0,0.0,7.0,0.0
animal_carcass_5_midj_as.jpg,1.0,0.0,3.02,0.1414,1.0,0.0,2.0,0.0,1.0,0.0,7.0,0.0,2.0,0.0,6.0,0.0,1.0,0.0,2.0,0.0,1.0,0.0,6.0,0.0,1.0,0.0,7.0,0.0,1.0,0.0,5.88,0.3283,1.0,0.0,7.0,0.0
animal_carcass_5_midj_euna.jpg,1.0,0.0,5.0,0.0,1.0,0.0,2.0,0.0,1.0,0.0,7.0,0.0,2.0,0.0,6.0,0.0,1.0,0.0,2.0,0.0,1.0,0.0,6.0,0.0,1.0,0.0,7.0,0.0,1.0,0.0,5.08,0.274,1.0,0.0,7.0,0.0
animal_carcass_5_midj_sa.jpg,1.0,0.0,3.2,0.4041,2.0,0.0,3.0,0.0,1.26,0.4431,6.0,0.0,2.0,0.0,6.0,0.0,2.0,0.0,2.0,0.0,2.0,0.0,6.0,0.0,2.0,0.0,6.0,0.0,3.0,0.0,3.0,0.0,2.0,0.0,6.0,0.0
animalcarcass5_midj.jpg,1.0,0.0,5.0,0.0,1.0,0.0,2.0,0.0,1.0,0.0,7.0,0.0,2.0,0.0,6.0,0.0,1.0,0.0,2.0,0.0,1.0,0.0,6.0,0.0,1.0,0.0,7.0,0.0,1.0,0.0,5.08,0.274,1.0,0.0,7.0,0.0
cockroach1_midj.jpg,2.0,0.0,2.0,0.0,1.0,0.0,2.0,0.0,1.0,0.0,6.0,0.0,2.0,0.0,6.0,0.0,1.0,0.0,2.0,0.0,1.0,0.0,2.0,0.0,1.0,0.0,6.0,0.0,2.0,0.0,3.0,0.0,1.98,0.1414,6.0,0.0
deadbodies3_midj.jpg,1.0,0.0,6.0,0.0,1.0,0.0,2.0,0.0,1.0,0.0,6.0,0.0,1.0,0.0,6.0,0.0,1.0,0.0,1.0,0.0,1.02,0.1414,7.0,0.0,1.0,0.0,7.0,0.0,1.0,0.0,5.96,0.1979,1.0,0.0,7.0,0.0
dr08.alunmcdonald_oxfam-ccbyncnd2.0_midj.jpg,1.0,0.0,5.0,0.0,1.0,0.0,2.72,0.4536,1.0,0.0,6.0,0.0,2.0,0.0,5.0,0.0,1.0,0.0,2.0,0.0,1.04,0.1979,6.0,0.0,1.0,0.0,6.0,0.0,2.0,0.0,3.18,0.3881,2.0,0.0,6.0,0.0
dr32.padre_djacy_brasileiro-ccbyncnd2.0_midj.jpg,1.0,0.0,6.0,0.0,1.0,0.0,1.04,0.1979,1.0,0.0,7.0,0.0,1.0,0.0,5.98,0.1414,1.0,0.0,2.0,0.0,1.0,0.0,6.36,0.4849,1.0,0.0,7.0,0.0,1.0,0.0,5.0,0.0,1.0,0.0,7.0,0.0
dr32_padre_djacy_brasileiro-ccbyncnd2_0_midj_af.jpg,1.0,0.0,6.0,0.0,1.0,0.0,1.0,0.0,1.0,0.0,7.0,0.0,1.0,0.0,5.8,0.4041,1.0,0.0,2.0,0.0,1.0,0.0,7.0,0.0,1.0,0.0,7.0,0.0,1.0,0.0,5.0,0.0,1.0,0.0,7.0,0.0
dr32_padre_djacy_brasileiro-ccbyncnd2_0_midj_as.jpg,1.0,0.0,3.02,0.1414,2.0,0.0,4.04,0.1979,1.0,0.0,6.0,0.0,2.0,0.0,5.0,0.0,1.96,0.1979,2.0,0.0,2.0,0.0,6.0,0.0,2.0,0.0,6.0,0.0,2.58,0.4986,3.0,0.0,2.0,0.0,6.0,0.0
dr32_padre_djacy_brasileiro-ccbyncnd2_0_midj_euna.jpg,1.0,0.0,3.0,0.0,1.04,0.1979,4.0,0.0,1.88,0.3283,6.0,0.0,2.0,0.0,5.0,0.0,1.0,0.0,2.66,0.4785,1.04,0.1979,6.0,0.0,2.0,0.0,6.0,0.0,2.66,0.4785,4.0,0.0,2.0,0.0,6.0,0.0
dr32_padre_djacy_brasileiro-ccbyncnd2_0_midj_sa.jpg,1.0,0.0,5.88,0.3283,1.0,0.0,3.0,0.0,1.0,0.0,6.0,0.0,1.36,0.4849,5.0,0.0,1.0,0.0,2.0,0.0,1.54,0.5035,6.0,0.0,1.0,0.0,6.0,0.0,2.0,0.0,3.22,0.4185,2.0,0.0,6.0,0.0
dr42.oxfam_international-ccbyncnd2.0_midj.jpg,1.0,0.0,3.3,0.4629,2.0,0.0,2.98,0.1414,1.54,0.5035,6.0,0.0,1.98,0.1414,3.02,0.1414,1.0,0.0,2.86,0.3505,2.0,0.0,6.0,0.0,1.98,0.1414,6.0,0.0,2.0,0.0,2.58,0.4986,2.0,0.0,6.0,0.0
h022_midj.jpg,1.0,0.0,5.96,0.1979,1.0,0.0,2.0,0.0,1.0,0.0,6.08,0.274,1.08,0.274,6.0,0.0,1.0,0.0,2.0,0.0,1.04,0.1979,7.0,0.0,1.0,0.0,7.0,0.0,1.0,0.0,5.88,0.3283,1.0,0.0,7.0,0.0
maps325_midj.jpg,1.0,0.0,2.58,0.4986,1.0,0.0,1.0,0.0,1.0,0.0,7.0,0.0,2.0,0.0,7.0,0.0,1.0,0.0,1.0,0.0,1.0,0.0,5.96,0.1979,1.0,0.0,7.0,0.0,1.0,0.0,6.0,0.0,1.0,0.0,7.0,0.0
maps325_midj_af.jpg,1.0,0.0,2.0,0.0,1.0,0.0,1.0,0.0,1.0,0.0,7.0,0.0,1.64,0.4849,6.98,0.1414,1.0,0.0,1.0,0.0,1.0,0.0,6.0,0.0,1.0,0.0,7.0,0.0,1.0,0.0,6.0,0.0,1.0,0.0,7.0,0.0
maps325_midj_as.jpg,1.0,0.0,2.0,0.0,1.0,0.0,1.0,0.0,1.0,0.0,7.0,0.0,2.0,0.0,7.0,0.0,1.0,0.0,1.0,0.0,1.0,0.0,6.0,0.0,1.0,0.0,7.0,0.0,1.0,0.0,6.06,0.2399,1.0,0.0,7.0,0.0
maps325_midj_euna.jpg,1.0,0.0,2.58,0.4986,1.0,0.0,1.0,0.0,1.0,0.0,7.0,0.0,2.0,0.0,7.0,0.0,1.0,0.0,1.0,0.0,1.0,0.0,5.96,0.1979,1.0,0.0,7.0,0.0,1.0,0.0,6.0,0.0,1.0,0.0,7.0,0.0
maps325_midj_sa.jpg,1.0,0.0,2.0,0.0,1.0,0.0,1.0,0.0,1.0,0.0,7.0,0.0,1.36,0.4849,6.0,0.0,1.0,0.0,1.0,0.0,1.0,0.0,6.94,0.2399,1.0,0.0,7.0,0.0,1.0,0.0,6.0,0.0,1.0,0.0,7.0,0.0
maps349_midj.jpg,1.0,0.0,3.0,0.0,1.0,0.0,1.0,0.0,1.0,0.0,7.0,0.0,1.02,0.1414,6.0,0.0,1.0,0.0,1.04,0.1979,1.0,0.0,6.0,0.0,1.0,0.0,7.0,0.0,1.0,0.0,6.0,0.0,1.0,0.0,7.0,0.0
neghighnonsoc_7_midj.jpg,1.0,0.0,6.0,0.0,1.0,0.0,1.64,0.4849,1.0,0.0,7.0,0.0,1.98,0.1414,6.0,0.0,1.0,0.0,1.0,0.0,1.0,0.0,6.0,0.0,1.0,0.0,7.0,0.0,1.0,0.0,6.1,0.303,1.0,0.0,7.0,0.0
neghighnonsoc_7_midj_af.jpg,1.0,0.0,6.0,0.0,1.0,0.0,1.64,0.4849,1.0,0.0,7.0,0.0,1.98,0.1414,6.0,0.0,1.0,0.0,1.0,0.0,1.0,0.0,6.0,0.0,1.0,0.0,7.0,0.0,1.0,0.0,6.1,0.303,1.0,0.0,7.0,0.0
neghighnonsoc_7_midj_as.jpg,1.0,0.0,2.24,0.4314,2.0,0.0,3.22,0.4185,1.54,0.5035,6.0,0.0,2.04,0.1979,6.0,0.0,1.0,0.0,2.0,0.0,1.08,0.274,5.02,0.1414,1.0,0.0,6.0,0.0,1.0,0.0,5.1,0.303,2.0,0.0,6.0,0.0
neghighnonsoc_7_midj_euna.jpg,1.0,0.0,5.0,0.0,1.76,0.4314,2.0,0.0,1.0,0.0,7.0,0.0,2.0,0.0,6.0,0.0,1.0,0.0,1.82,0.3881,1.0,0.0,6.0,0.0,1.0,0.0,6.0,0.0,1.0,0.0,6.0,0.0,1.0,0.0,7.0,0.0
neghighnonsoc_7_midj_sa.jpg,1.0,0.0,3.0,0.0,2.0,0.0,3.0,0.0,2.0,0.0,6.0,0.0,2.0,0.0,6.0,0.0,1.0,0.0,2.0,0.0,2.0,0.0,5.96,0.1979,1.56,0.5014,6.0,0.0,1.88,0.3283,5.38,0.4903,2.0,0.0,6.0,0.0
neghighnonsoc_8_midj.jpg,1.0,0.0,6.0,0.0,1.0,0.0,2.0,0.0,1.0,0.0,7.0,0.0,2.0,0.0,6.0,0.0,1.0,0.0,1.08,0.274,1.0,0.0,6.0,0.0,1.0,0.0,7.0,0.0,1.0,0.0,6.0,0.0,1.0,0.0,7.0,0.0
people_198_h_midj.jpg,1.0,0.0,3.0,0.0,1.0,0.0,1.0,0.0,1.0,0.0,7.0,0.0,1.0,0.0,6.0,0.0,1.0,0.0,1.12,0.3283,1.08,0.274,6.0,0.0,1.0,0.0,7.0,0.0,1.0,0.0,6.0,0.0,1.0,0.0,7.0,0.0
people_218_v_mid.jpg,1.0,0.0,3.0,0.0,1.0,0.0,1.0,0.0,1.0,0.0,7.0,0.0,1.0,0.0,6.0,0.0,1.0,0.0,1.04,0.1979,1.0,0.0,6.0,0.0,1.0,0.0,7.0,0.0,1.0,0.0,6.0,0.0,1.0,0.0,7.0,0.0
people_364_v_mid.jpg,1.0,0.0,2.0,0.0,1.0,0.0,1.0,0.0,1.0,0.0,7.0,0.0,1.0,0.0,7.0,0.0,1.0,0.0,1.0,0.0,1.0,0.0,6.0,0.0,1.0,0.0,7.0,0.0,1.0,0.0,6.0,0.0,1.0,0.0,7.0,0.0
test_a.jpg,1.0,0.0,2.0,0.0,1.0,0.0,1.0,0.0,1.0,0.0,7.0,0.0,2.0,0.0,7.0,0.0,1.0,0.0,1.0,0.0,1.0,0.0,6.0,0.0,1.0,0.0,7.0,0.0,1.0,0.0,6.98,0.1414,1.0,0.0,7.0,0.0
8465_midj.jpg,2.0,0.0,1.0,0.0,2.0,0.0,3.18,0.3881,2.02,0.1414,1.0,0.0,5.0,0.0,2.0,0.0,4.06,0.2399,3.0,0.0,1.82,0.3881,2.0,0.0,5.0,0.0,2.0,0.0,5.0,0.0,4.0,0.0,4.0,0.0,2.0,0.0
8540_midj.jpg,3.68,0.4712,1.0,0.0,3.68,0.4712,3.98,0.1414,1.96,0.1979,1.0,0.0,6.0,0.0,1.0,0.0,6.0,0.0,2.0,0.0,2.0,0.0,1.0,0.0,6.98,0.1414,1.0,0.0,4.98,0.1414,3.0,0.0,5.0,0.0,1.0,0.0
8540_midj_af.jpg,3.0,0.0,1.0,0.0,4.04,0.1979,4.0,0.0,2.0,0.0,1.0,0.0,6.0,0.0,1.0,0.0,6.0,0.0,2.0,0.0,3.0,0.0,1.0,0.0,6.0,0.0,1.0,0.0,5.0,0.0,3.0,0.0,5.1,0.303,1.96,0.1979
8540_midj_as.jpg,3.56,0.5014,1.0,0.0,5.0,0.0,4.0,0.0,2.0,0.0,1.0,0.0,6.0,0.0,1.0,0.0,6.0,0.0,2.0,0.0,3.0,0.0,1.0,0.0,6.16,0.3703,1.0,0.0,5.0,0.0,4.0,0.0,6.0,0.0,2.0,0.0
8540_midj_euna.jpg,3.68,0.4712,1.0,0.0,3.68,0.4712,3.98,0.1414,1.96,0.1979,1.0,0.0,6.0,0.0,1.0,0.0,6.0,0.0,2.0,0.0,2.0,0.0,1.0,0.0,6.98,0.1414,1.0,0.0,4.98,0.1414,3.0,0.0,5.0,0.0,1.0,0.0
8540_midj_sa.jpg,2.0,0.0,1.0,0.0,3.0,0.0,3.0,0.0,2.0,0.0,1.0,0.0,5.0,0.0,1.0,0.0,6.0,0.0,3.0,0.0,2.0,0.0,1.98,0.1414,6.0,0.0,1.0,0.0,5.0,0.0,3.0,0.0,4.04,0.1979,2.0,0.0
excitement_new_10.jpg,4.0,0.0,2.0,0.0,3.0,0.0,6.0,0.0,3.0,0.0,1.0,0.0,6.0,0.0,3.0,0.0,6.0,0.0,2.0,0.0,1.88,0.3283,2.0,0.0,6.0,0.0,2.0,0.0,3.0,0.0,6.0,0.0,5.0,0.0,3.0,0.0
excitement_new_11.jpg,2.78,0.4185,2.0,0.0,2.0,0.0,3.68,0.4712,2.0,0.0,1.0,0.0,6.0,0.0,2.0,0.0,6.0,0.0,2.0,0.0,1.0,0.0,1.0,0.0,6.0,0.0,2.0,0.0,1.56,0.5014,6.0,0.0,6.0,0.0,2.0,0.0
excitement_new_12.jpg,4.98,0.1414,1.44,0.5014,2.0,0.0,6.0,0.0,2.02,0.1414,1.0,0.0,6.0,0.0,4.98,0.1414,6.0,0.0,2.0,0.0,1.0,0.0,1.96,0.1979,6.0,0.0,2.0,0.0,2.0,0.0,6.0,0.0,5.0,0.0,3.78,0.4185
excitement_new_13_midj_af.jpg,2.0,0.0,2.0,0.0,2.0,0.0,5.0,0.0,2.0,0.0,1.04,0.1979,5.44,0.5014,4.0,0.0,3.0,0.0,3.0,0.0,1.44,0.5014,2.0,0.0,4.0,0.0,2.98,0.1414,2.9,0.303,4.66,0.4785,4.0,0.0,4.92,0.274
excitement_new_13_midj_as.jpg,2.0,0.0,1.82,0.3881,2.02,0.1414,5.0,0.0,2.0,0.0,1.0,0.0,5.98,0.1414,4.0,0.0,5.0,0.0,3.0,0.0,2.0,0.0,2.0,0.0,5.0,0.0,2.04,0.1979,3.0,0.0,5.0,0.0,5.0,0.0,5.0,0.0
excitement_new_13_midj_euna.jpg,2.0,0.0,2.0,0.0,2.0,0.0,4.16,0.3703,2.0,0.0,1.0,0.0,5.38,0.4903,4.0,0.0,3.0,0.0,3.0,0.0,2.0,0.0,2.0,0.0,5.0,0.0,3.0,0.0,3.0,0.0,5.0,0.0,5.0,0.0,5.0,0.0
excitement_new_13_midj_sa.jpg,2.0,0.0,2.0,0.0,2.08,0.274,5.0,0.0,2.0,0.0,1.0,0.0,5.0,0.0,3.0,0.0,4.0,0.0,3.0,0.0,2.0,0.0,2.0,0.0,5.0,0.0,2.0,0.0,3.0,0.0,5.0,0.0,5.0,0.0,4.0,0.0
excitement_new_14.jpg,4.0,0.0,1.44,0.5014,3.56,0.5014,6.0,0.0,2.0,0.0,1.0,0.0,6.0,0.0,1.0,0.0,6.06,0.2399,2.0,0.0,2.0,0.0,1.0,0.0,7.0,0.0,1.0,0.0,2.0,0.0,6.0,0.0,6.0,0.0,2.0,0.0
excitement_new_15.jpg,3.0,0.0,2.0,0.0,4.08,0.3405,6.0,0.0,2.0,0.0,1.0,0.0,6.0,0.0,1.0,0.0,6.0,0.0,2.0,0.0,2.0,0.0,1.0,0.0,6.0,0.0,1.0,0.0,2.0,0.0,5.98,0.1414,6.0,0.0,2.0,0.0
excitement_new_16.jpg,3.0,0.0,2.0,0.0,2.0,0.0,5.38,0.4903,2.0,0.0,1.0,0.0,6.0,0.0,3.0,0.0,5.0,0.0,3.0,0.0,2.0,0.0,2.0,0.0,5.38,0.4903,2.0,0.0,3.0,0.0,5.0,0.0,5.0,0.0,3.0,0.0
excitement_new_17.jpg,3.0,0.0,1.0,0.0,3.0,0.0,4.0,0.0,2.0,0.0,1.0,0.0,6.0,0.0,1.0,0.0,6.0,0.0,2.0,0.0,2.0,0.0,1.0,0.0,6.0,0.0,1.0,0.0,2.0,0.0,6.0,0.0,5.98,0.1414,2.0,0.0
excitement_new_17_midj_af.jpg,3.0,0.0,1.0,0.0,3.0,0.0,5.0,0.0,2.0,0.0,1.0,0.0,6.0,0.0,1.0,0.0,6.0,0.0,2.0,0.0,2.0,0.0,1.0,0.0,6.0,0.0,1.36,0.4849,2.0,0.0,6.0,0.0,6.0,0.0,2.0,0.0
excitement_new_17_midj_as.jpg,3.0,0.0,1.0,0.0,3.0,0.0,5.0,0.0,2.0,0.0,1.0,0.0,6.0,0.0,1.0,0.0,6.0,0.0,2.0,0.0,2.0,0.0,1.0,0.0,6.0,0.0,1.0,0.0,2.0,0.0,6.0,0.0,6.0,0.0,2.0,0.0
excitement_new_17_midj_euna.jpg,3.0,0.0,1.0,0.0,3.0,0.0,4.0,0.0,2.0,0.0,1.0,0.0,6.0,0.0,1.0,0.0,6.0,0.0,2.0,0.0,2.0,0.0,1.0,0.0,6.0,0.0,1.0,0.0,2.0,0.0,6.0,0.0,5.98,0.1414,2.0,0.0
excitement_new_17_midj_sa.jpg,4.1,0.303,1.0,0.0,3.0,0.0,3.78,0.4185,2.0,0.0,1.0,0.0,6.0,0.0,1.0,0.0,6.0,0.0,2.0,0.0,2.0,0.0,1.0,0.0,6.0,0.0,1.0,0.0,3.0,0.0,6.0,0.0,6.0,0.0,2.0,0.0
excitement_new_19.jpg,3.0,0.0,2.0,0.0,2.0,0.0,5.0,0.0,2.0,0.0,2.0,0.0,6.0,0.0,5.0,0.0,5.0,0.0,2.08,0.274,1.0,0.0,2.0,0.0,5.0,0.0,3.0,0.0,2.0,0.0,5.28,0.4536,4.0,0.0,5.0,0.0
excitement_new_2.jpg,5.0,0.0,2.0,0.0,2.0,0.0,4.0,0.0,3.0,0.0,1.0,0.0,6.0,0.0,3.0,0.0,5.0,0.0,2.86,0.3505,2.0,0.0,2.0,0.0,6.0,0.0,2.0,0.0,2.78,0.4185,5.0,0.0,5.0,0.0,3.0,0.0
excitement_new_20.jpg,3.0,0.0,2.0,0.0,2.12,0.3283,6.0,0.0,2.0,0.0,1.0,0.0,6.0,0.0,3.0,0.0,5.0,0.0,2.9,0.303,1.0,0.0,2.0,0.0,5.96,0.1979,2.0,0.0,2.0,0.0,5.96,0.1979,5.0,0.0,3.3,0.4629
excitement_new_21.jpg,5.0,0.0,2.0,0.0,2.0,0.0,5.38,0.4903,2.0,0.0,1.0,0.0,6.0,0.0,4.1,0.303,5.0,0.0,3.0,0.0,1.0,0.0,1.82,0.3881,5.0,0.0,2.0,0.0,2.0,0.0,6.0,0.0,5.0,0.0,5.0,0.0
excitement_new_22.jpg,3.0,0.0,2.0,0.0,2.0,0.0,3.0,0.0,2.0,0.0,3.0,0.0,6.0,0.0,2.0,0.0,6.0,0.0,2.0,0.0,1.02,0.1414,1.96,0.1979,6.0,0.0,2.0,0.0,1.0,0.0,6.0,0.0,6.0,0.0,2.9,0.303
excitement_new_22_midj_af.jpg,3.78,0.4185,1.0,0.0,3.0,0.0,3.0,0.0,2.0,0.0,2.0,0.0,6.0,0.0,1.36,0.4849,6.0,0.0,2.0,0.0,2.0,0.0,1.0,0.0,6.0,0.0,2.0,0.0,2.04,0.1979,5.0,0.0,5.08,0.274,2.0,0.0
excitement_new_22_midj_as.jpg,3.08,0.274,1.0,0.0,3.0,0.0,3.0,0.0,2.0,0.0,1.0,0.0,6.0,0.0,1.0,0.0,6.0,0.0,2.0,0.0,2.0,0.0,1.0,0.0,6.0,0.0,1.0,0.0,2.4,0.4949,5.0,0.0,5.88,0.3283,2.0,0.0
excitement_new_22_midj_euna.jpg,3.0,0.0,2.0,0.0,2.0,0.0,3.0,0.0,2.0,0.0,3.0,0.0,6.0,0.0,2.0,0.0,6.0,0.0,2.0,0.0,1.02,0.1414,1.96,0.1979,6.0,0.0,2.0,0.0,1.0,0.0,6.0,0.0,6.0,0.0,2.9,0.303
excitement_new_22_midj_sa.jpg,3.0,0.0,1.0,0.0,3.0,0.0,3.0,0.0,2.0,0.0,1.0,0.0,6.0,0.0,1.54,0.5035,6.0,0.0,2.0,0.0,2.0,0.0,1.0,0.0,6.0,0.0,1.98,0.1414,2.0,0.0,5.0,0.0,5.38,0.4903,2.0,0.0
excitement_new_4.jpg,4.04,0.1979,2.0,0.0,2.66,0.4785,6.0,0.0,3.0,0.0,2.0,0.0,6.0,0.0,5.0,0.0,5.0,0.0,2.0,0.0,2.0,0.0,2.0,0.0,6.0,0.0,3.0,0.0,2.0,0.0,6.0,0.0,5.14,0.3505,5.0,0.0
excitement_new_5.jpg,5.0,0.0,1.0,0.0,3.0,0.0,5.96,0.1979,3.0,0.0,1.0,0.0,6.0,0.0,3.0,0.0,6.0,0.0,2.0,0.0,2.0,0.0,1.0,0.0,6.0,0.0,2.0,0.0,3.0,0.0,5.0,0.0,6.0,0.0,3.0,0.0
excitement_new_5_midj_af.jpg,5.24,0.4314,1.0,0.0,2.0,0.0,6.0,0.0,2.0,0.0,1.0,0.0,6.0,0.0,3.0,0.0,6.0,0.0,2.0,0.0,1.02,0.1414,1.0,0.0,6.0,0.0,2.0,0.0,2.0,0.0,6.0,0.0,6.0,0.0,3.0,0.0
excitement_new_5_midj_as.jpg,6.0,0.0,1.0,0.0,3.0,0.0,6.0,0.0,2.0,0.0,1.0,0.0,6.0,0.0,3.0,0.0,6.0,0.0,2.0,0.0,2.0,0.0,1.0,0.0,6.0,0.0,2.0,0.0,2.0,0.0,6.0,0.0,5.98,0.1414,5.0,0.0
excitement_new_5_midj_euna.jpg,5.0,0.0,1.0,0.0,3.0,0.0,5.0,0.0,2.02,0.1414,1.0,0.0,6.0,0.0,3.0,0.0,6.0,0.0,2.0,0.0,2.0,0.0,1.0,0.0,6.0,0.0,1.12,0.3283,3.0,0.0,5.02,0.1414,6.0,0.0,3.0,0.0
excitement_new_5_midj_sa.jpg,3.0,0.0,1.0,0.0,3.0,0.0,5.0,0.0,2.0,0.0,1.0,0.0,6.0,0.0,2.0,0.0,6.0,0.0,2.0,0.0,2.0,0.0,1.0,0.0,6.0,0.0,1.0,0.0,3.3,0.4629,5.0,0.0,5.88,0.3283,3.0,0.0
excitement_new_6.jpg,2.72,0.4536,2.0,0.0,2.0,0.0,3.0,0.0,2.0,0.0,1.0,0.0,5.0,0.0,2.0,0.0,3.02,0.1414,3.0,0.0,2.0,0.0,2.0,0.0,5.0,0.0,2.0,0.0,3.0,0.0,4.0,0.0,3.68,0.4712,2.0,0.0
excitement_new_7.jpg,3.0,0.0,3.0,0.0,2.0,0.0,3.08,0.274,2.0,0.0,1.0,0.0,5.96,0.1979,3.0,0.0,3.0,0.0,3.0,0.0,1.0,0.0,2.0,0.0,4.16,0.3703,3.0,0.0,2.08,0.274,5.04,0.1979,4.0,0.0,5.0,0.0
excitement_new_8.jpg,3.0,0.0,1.0,0.0,2.78,0.4185,5.0,0.0,2.0,0.0,1.0,0.0,5.92,0.274,3.0,0.0,5.0,0.0,2.98,0.1414,2.0,0.0,2.0,0.0,5.8,0.4041,2.0,0.0,2.9,0.303,4.48,0.5047,4.66,0.4785,3.0,0.0
excitement_new_9.jpg,4.98,0.1414,2.0,0.0,2.0,0.0,6.0,0.0,2.4,0.4949,1.0,0.0,6.0,0.0,4.48,0.5047,5.02,0.1414,2.0,0.0,1.0,0.0,1.0,0.0,6.0,0.0,2.0,0.0,2.0,0.0,6.0,0.0,5.0,0.0,4.0,0.0
1120_midj.jpg,1.0,0.0,6.0,0.0,1.0,0.0,3.0,0.0,1.0,0.0,6.0,0.0,4.16,0.3703,6.06,0.2399,1.0,0.0,2.0,0.0,1.0,0.0,1.0,0.0,1.0,0.0,6.0,0.0,1.0,0.0,6.0,0.0,1.88,0.3283,7.0,0.0
1930_midj.jpg,2.0,0.0,2.0,0.0,1.0,0.0,3.0,0.0,1.04,0.1979,6.0,0.0,5.66,0.4785,7.0,0.0,1.0,0.0,1.12,0.3283,1.0,0.0,1.0,0.0,1.0,0.0,7.0,0.0,1.0,0.0,6.0,0.0,2.0,0.0,7.0,0.0
2770_midj.jpg,2.0,0.0,3.0,0.0,2.0,0.0,4.0,0.0,2.0,0.0,4.98,0.1414,3.0,0.0,5.0,0.0,2.0,0.0,3.0,0.0,2.0,0.0,3.0,0.0,2.0,0.0,5.04,0.1979,2.0,0.0,4.0,0.0,3.0,0.0,6.0,0.0
2811_midj.jpg,1.76,0.4314,3.0,0.0,2.0,0.0,2.0,0.0,2.0,0.0,5.0,0.0,4.1,0.303,6.0,0.0,2.0,0.0,2.0,0.0,1.04,0.1979,3.0,0.0,2.0,0.0,6.0,0.0,1.98,0.1414,6.0,0.0,2.0,0.0,6.0,0.0
6250.1_midj.jpg,1.0,0.0,5.0,0.0,1.0,0.0,2.0,0.0,2.0,0.0,4.98,0.1414,5.0,0.0,6.0,0.0,1.0,0.0,2.0,0.0,1.0,0.0,3.2,0.4041,1.0,0.0,6.0,0.0,1.12,0.3283,6.0,0.0,1.98,0.1414,6.0,0.0
6250.1_midj_af.jpg,1.0,0.0,5.0,0.0,1.0,0.0,2.0,0.0,1.26,0.4431,5.0,0.0,5.0,0.0,6.0,0.0,1.0,0.0,2.0,0.0,1.0,0.0,5.0,0.0,1.0,0.0,6.0,0.0,1.82,0.3881,6.0,0.0,2.0,0.0,6.0,0.0
6250.1_midj_as.jpg,1.0,0.0,3.0,0.0,1.0,0.0,2.0,0.0,1.0,0.0,3.0,0.0,5.24,0.4314,6.0,0.0,1.0,0.0,2.0,0.0,1.0,0.0,2.0,0.0,1.0,0.0,6.86,0.3505,1.0,0.0,6.0,0.0,1.82,0.3881,7.0,0.0
6250.1_midj_euna.jpg,1.0,0.0,5.0,0.0,1.0,0.0,2.0,0.0,2.0,0.0,3.02,0.1414,6.0,0.0,6.0,0.0,1.0,0.0,2.0,0.0,1.0,0.0,3.0,0.0,1.0,0.0,6.0,0.0,1.0,0.0,6.0,0.0,1.76,0.4314,7.0,0.0
6250.1_midj_sa.jpg,1.0,0.0,5.0,0.0,1.0,0.0,2.0,0.0,2.0,0.0,4.98,0.1414,5.0,0.0,6.0,0.0,1.0,0.0,2.0,0.0,1.0,0.0,3.2,0.4041,1.0,0.0,6.0,0.0,1.12,0.3283,6.0,0.0,1.98,0.1414,6.0,0.0
6370_midj.jpg,1.0,0.0,5.0,0.0,2.0,0.0,3.0,0.0,2.0,0.0,3.0,0.0,3.0,0.0,6.0,0.0,1.0,0.0,2.0,0.0,1.0,0.0,4.92,0.274,2.0,0.0,6.0,0.0,2.0,0.0,5.0,0.0,2.0,0.0,6.0,0.0
6370_midj_af.jpg,1.26,0.4431,6.0,0.0,1.36,0.4849,4.38,0.4903,2.0,0.0,3.0,0.0,3.22,0.4185,5.66,0.4785,1.0,0.0,2.02,0.1414,1.0,0.0,3.0,0.0,2.0,0.0,5.96,0.1979,2.0,0.0,5.0,0.0,2.0,0.0,6.0,0.0
6370_midj_as.jpg,1.0,0.0,5.0,0.0,2.0,0.0,3.18,0.3881,2.0,0.0,2.0,0.0,3.98,0.1414,5.0,0.0,1.0,0.0,3.0,0.0,1.0,0.0,3.68,0.4712,2.0,0.0,5.0,0.0,2.0,0.0,5.0,0.0,3.0,0.0,5.0,0.0
6370_midj_euna.jpg,1.0,0.0,6.0,0.0,1.0,0.0,3.0,0.0,2.0,0.0,3.0,0.0,4.0,0.0,5.8,0.4041,1.0,0.0,2.0,0.0,1.0,0.0,3.0,0.0,2.0,0.0,6.0,0.0,2.0,0.0,6.0,0.0,2.0,0.0,6.0,0.0
6370_midj_sa.jpg,1.0,0.0,6.0,0.0,1.98,0.1414,3.0,0.0,2.0,0.0,2.4,0.4949,3.98,0.1414,5.0,0.0,1.0,0.0,2.04,0.1979,1.0,0.0,3.0,0.0,2.0,0.0,5.02,0.1414,2.0,0.0,5.0,0.0,2.0,0.0,6.0,0.0
a002_midj.jpg,1.0,0.0,3.0,0.0,2.02,0.1414,2.0,0.0,1.0,0.0,6.0,0.0,2.0,0.0,5.0,0.0,1.0,0.0,2.0,0.0,2.9,0.303,5.0,0.0,2.0,0.0,6.0,0.0,1.08,0.274,5.0,0.0,2.0,0.0,6.0,0.0
animals_076_v_midj.jpg,1.0,0.0,6.0,0.0,2.0,0.0,2.08,0.274,1.0,0.0,5.88,0.3283,5.1,0.303,6.0,0.0,1.0,0.0,2.0,0.0,1.0,0.0,1.44,0.5014,2.0,0.0,6.0,0.0,1.0,0.0,6.0,0.0,2.0,0.0,6.0,0.0
animals_076_v_midj_af.jpg,2.0,0.0,6.0,0.0,1.0,0.0,6.0,0.0,1.44,0.5014,3.3,0.4629,6.0,0.0,6.0,0.0,1.0,0.0,2.0,0.0,1.0,0.0,1.0,0.0,2.0,0.0,6.0,0.0,1.0,0.0,6.0,0.0,2.0,0.0,6.1,0.303
animals_076_v_midj_as.jpg,2.0,0.0,6.22,0.4185,2.0,0.0,6.0,0.0,2.0,0.0,3.0,0.0,6.0,0.0,6.0,0.0,1.0,0.0,1.98,0.1414,1.0,0.0,1.0,0.0,2.0,0.0,6.0,0.0,1.0,0.0,6.0,0.0,2.0,0.0,7.0,0.0
animals_076_v_midj_euna.jpg,1.0,0.0,6.0,0.0,2.0,0.0,2.08,0.274,1.0,0.0,5.88,0.3283,5.1,0.303,6.0,0.0,1.0,0.0,2.0,0.0,1.0,0.0,1.44,0.5014,2.0,0.0,6.0,0.0,1.0,0.0,6.0,0.0,2.0,0.0,6.0,0.0
animals_076_v_midj_sa.jpg,2.0,0.0,6.0,0.0,2.0,0.0,5.0,0.0,2.0,0.0,3.0,0.0,5.88,0.3283,6.0,0.0,2.0,0.0,2.0,0.0,2.0,0.0,1.0,0.0,3.0,0.0,5.0,0.0,1.0,0.0,6.0,0.0,3.0,0.0,6.0,0.0
fear_new_1.jpg,1.0,0.0,3.0,0.0,1.0,0.0,2.0,0.0,1.0,0.0,6.0,0.0,5.0,0.0,6.0,0.0,1.0,0.0,2.0,0.0,1.0,0.0,4.98,0.1414,1.0,0.0,6.0,0.0,1.0,0.0,6.0,0.0,1.04,0.1979,6.0,0.0
fear_new_2.jpg,1.02,0.1414,5.28,0.4536,1.0,0.0,2.0,0.0,1.0,0.0,7.0,0.0,4.86,0.3505,7.0,0.0,1.0,0.0,1.0,0.0,1.0,0.0,4.1,0.303,1.0,0.0,7.0,0.0,1.0,0.0,6.0,0.0,1.0,0.0,7.0,0.0
fear_new_3.jpg,2.0,0.0,2.0,0.0,2.0,0.0,3.0,0.0,2.0,0.0,3.0,0.0,3.0,0.0,6.0,0.0,2.0,0.0,2.0,0.0,2.0,0.0,4.86,0.3505,2.0,0.0,6.0,0.0,2.0,0.0,5.0,0.0,2.0,0.0,6.0,0.0
fear_new_4.jpg,1.0,0.0,2.0,0.0,1.0,0.0,2.9,0.303,1.0,0.0,4.0,0.0,3.0,0.0,6.0,0.0,1.0,0.0,2.0,0.0,1.0,0.0,5.0,0.0,1.0,0.0,6.0,0.0,1.0,0.0,5.98,0.1414,2.0,0.0,6.22,0.4185
fear_new_5.jpg,1.0,0.0,2.06,0.2399,2.0,0.0,2.24,0.4314,2.0,0.0,3.0,0.0,3.0,0.0,6.0,0.0,1.0,0.0,2.0,0.0,2.0,0.0,5.0,0.0,2.0,0.0,6.0,0.0,1.54,0.5035,6.0,0.0,2.0,0.0,6.0,0.0
fear_new_5_midj_af.jpg,1.98,0.1414,3.98,0.1414,2.0,0.0,5.0,0.0,2.0,0.0,3.0,0.0,3.0,0.0,6.0,0.0,1.0,0.0,2.0,0.0,2.0,0.0,5.0,0.0,2.0,0.0,5.96,0.1979,2.0,0.0,5.0,0.0,3.0,0.0,6.0,0.0
fear_new_5_midj_as.jpg,1.02,0.1414,2.9,0.303,3.0,0.0,3.0,0.0,2.0,0.0,2.0,0.0,3.0,0.0,5.44,0.5014,1.96,0.1979,2.0,0.0,2.0,0.0,5.52,0.5047,2.0,0.0,5.9,0.303,2.0,0.0,5.0,0.0,2.66,0.4785,5.1,0.303
fear_new_5_midj_euna.jpg,1.0,0.0,3.08,0.274,2.0,0.0,3.0,0.0,2.06,0.2399,3.0,0.0,3.0,0.0,5.38,0.4903,1.44,0.5014,2.04,0.1979,2.0,0.0,5.52,0.5047,2.0,0.0,6.0,0.0,2.0,0.0,5.0,0.0,2.78,0.4185,6.0,0.0
fear_new_5_midj_sa.jpg,1.96,0.1979,2.4,0.4949,3.0,0.0,5.0,0.0,2.0,0.0,2.0,0.0,3.0,0.0,4.0,0.0,2.0,0.0,3.0,0.0,2.04,0.1979,4.86,0.3505,3.0,0.0,3.0,0.0,3.0,0.0,4.0,0.0,3.0,0.0,3.0,0.0
fear_new_6.jpg,1.0,0.0,2.72,0.4536,1.0,0.0,2.66,0.4785,1.54,0.5035,5.0,0.0,3.0,0.0,6.0,0.0,1.0,0.0,2.0,0.0,1.0,0.0,5.0,0.0,1.0,0.0,6.0,0.0,1.0,0.0,6.0,0.0,2.0,0.0,6.0,0.0
fear_new_7.jpg,1.0,0.0,2.0,0.0,1.02,0.1414,2.0,0.0,1.02,0.1414,5.0,0.0,2.0,0.0,6.22,0.4185,1.0,0.0,2.0,0.0,1.0,0.0,6.0,0.0,1.0,0.0,6.06,0.2399,1.0,0.0,6.0,0.0,2.0,0.0,6.9,0.303
fear_new_8.jpg,1.0,0.0,5.24,0.4314,1.0,0.0,2.0,0.0,2.0,0.0,3.0,0.0,5.9,0.303,6.0,0.0,1.0,0.0,2.0,0.0,1.0,0.0,4.0,0.0,1.0,0.0,6.06,0.2399,1.0,0.0,6.0,0.0,2.0,0.0,7.0,0.0
fear_new_9.jpg,2.0,0.0,6.0,0.0,1.0,0.0,5.0,0.0,2.0,0.0,3.0,0.0,5.0,0.0,6.0,0.0,1.0,0.0,2.0,0.0,1.0,0.0,2.0,0.0,2.0,0.0,6.0,0.0,1.0,0.0,6.0,0.0,2.0,0.0,6.0,0.0
neghighsoc_24_midj.jpg,2.0,0.0,5.0,0.0,2.0,0.0,3.2,0.4041,2.0,0.0,4.0,0.0,4.04,0.1979,5.96,0.1979,2.0,0.0,2.06,0.2399,2.0,0.0,5.0,0.0,2.0,0.0,6.0,0.0,2.0,0.0,5.04,0.1979,3.0,0.0,6.0,0.0
spider_052_midj.jpg,2.0,0.0,2.0,0.0,1.0,0.0,3.0,0.0,1.0,0.0,6.0,0.0,3.0,0.0,6.0,0.0,1.0,0.0,2.0,0.0,1.0,0.0,1.12,0.3283,2.0,0.0,6.0,0.0,2.0,0.0,5.0,0.0,2.0,0.0,6.0,0.0
spider_069_midj.jpg,2.0,0.0,2.0,0.0,1.0,0.0,3.0,0.0,1.0,0.0,6.0,0.0,3.0,0.0,6.0,0.0,1.0,0.0,2.0,0.0,1.0,0.0,2.0,0.0,1.44,0.5014,6.0,0.0,1.98,0.1414,6.0,0.0,2.0,0.0,6.0,0.0
spider_069_midj_af.jpg,2.0,0.0,2.0,0.0,1.0,0.0,3.0,0.0,1.0,0.0,6.0,0.0,2.66,0.4785,6.0,0.0,1.0,0.0,2.0,0.0,1.0,0.0,1.98,0.1414,1.04,0.1979,6.0,0.0,1.56,0.5014,5.24,0.4314,2.0,0.0,6.0,0.0
spider_069_midj_as.jpg,2.0,0.0,2.0,0.0,1.0,0.0,3.0,0.0,1.0,0.0,5.38,0.4903,3.0,0.0,5.88,0.3283,1.98,0.1414,2.04,0.1979,1.0,0.0,1.26,0.4431,2.0,0.0,5.14,0.3505,2.0,0.0,5.0,0.0,2.0,0.0,6.0,0.0
spider_069_midj_euna.jpg,2.0,0.0,2.0,0.0,1.0,0.0,3.0,0.0,1.0,0.0,6.0,0.0,3.0,0.0,6.0,0.0,1.0,0.0,2.0,0.0,1.0,0.0,2.0,0.0,2.0,0.0,6.0,0.0,2.0,0.0,5.02,0.1414,2.0,0.0,6.0,0.0
spider_069_midj_sa.jpg,2.0,0.0,2.0,0.0,1.0,0.0,3.0,0.0,1.0,0.0,6.0,0.0,3.0,0.0,6.0,0.0,1.0,0.0,2.0,0.0,1.0,0.0,2.0,0.0,1.44,0.5014,6.0,0.0,1.98,0.1414,6.0,0.0,2.0,0.0,6.0,0.0
2347_midj.jpg,6.0,0.0,1.0,0.0,5.98,0.1414,2.0,0.0,2.0,0.0,1.0,0.0,6.0,0.0,1.0,0.0,6.0,0.0,2.0,0.0,4.0,0.0,1.0,0.0,6.0,0.0,1.0,0.0,3.2,0.4041,3.0,0.0,5.96,0.1979,1.0,0.0
8461_midj.jpg,5.98,0.1414,1.0,0.0,5.0,0.0,2.66,0.4785,2.0,0.0,1.0,0.0,5.0,0.0,1.0,0.0,6.0,0.0,2.0,0.0,3.0,0.0,1.0,0.0,6.0,0.0,1.0,0.0,5.0,0.0,3.0,0.0,5.02,0.1414,2.0,0.0
amusement_new_1.jpg,6.0,0.0,1.0,0.0,3.08,0.274,2.0,0.0,2.04,0.1979,1.0,0.0,6.0,0.0,1.0,0.0,7.0,0.0,2.0,0.0,2.0,0.0,1.0,0.0,7.0,0.0,1.0,0.0,2.0,0.0,5.14,0.3505,6.0,0.0,2.0,0.0
amusement_new_2.jpg,6.0,0.0,1.0,0.0,6.0,0.0,2.24,0.4314,3.0,0.0,1.0,0.0,5.02,0.1414,1.0,0.0,6.46,0.5035,2.0,0.0,5.8,0.4041,1.0,0.0,7.0,0.0,1.0,0.0,5.0,0.0,3.0,0.0,6.0,0.0,1.44,0.5014
amusement_new_2_midj_af.jpg,3.98,0.1414,1.0,0.0,6.0,0.0,3.0,0.0,4.0,0.0,1.0,0.0,3.0,0.0,1.0,0.0,6.0,0.0,2.0,0.0,6.0,0.0,1.0,0.0,6.0,0.0,1.0,0.0,6.0,0.0,3.0,0.0,5.0,0.0,1.64,0.4849
amusement_new_2_midj_as.jpg,4.0,0.0,1.0,0.0,6.0,0.0,3.0,0.0,5.0,0.0,1.0,0.0,3.18,0.3881,1.0,0.0,6.0,0.0,2.0,0.0,5.08,0.274,1.0,0.0,6.0,0.0,1.0,0.0,6.0,0.0,3.0,0.0,5.92,0.274,2.0,0.0
amusement_new_2_midj_euna.jpg,6.0,0.0,1.0,0.0,6.0,0.0,2.24,0.4314,3.0,0.0,1.0,0.0,5.02,0.1414,1.0,0.0,6.46,0.5035,2.0,0.0,5.8,0.4041,1.0,0.0,7.0,0.0,1.0,0.0,5.0,0.0,3.0,0.0,6.0,0.0,1.44,0.5014
amusement_new_2_midj_sa.jpg,3.66,0.4785,1.0,0.0,6.0,0.0,2.78,0.4185,5.0,0.0,1.0,0.0,3.0,0.0,1.0,0.0,6.0,0.0,2.02,0.1414,6.0,0.0,1.0,0.0,6.0,0.0,1.0,0.0,6.0,0.0,2.9,0.303,5.0,0.0,2.0,0.0
amusement_new_5.jpg,6.0,0.0,1.0,0.0,6.0,0.0,2.0,0.0,3.0,0.0,1.0,0.0,5.0,0.0,1.0,0.0,6.0,0.0,2.0,0.0,4.0,0.0,1.0,0.0,6.06,0.2399,1.0,0.0,6.0,0.0,3.0,0.0,6.0,0.0,1.54,0.5035
amusement_new_6.jpg,5.0,0.0,1.0,0.0,6.0,0.0,3.0,0.0,3.0,0.0,1.0,0.0,5.08,0.274,1.0,0.0,6.0,0.0,2.0,0.0,3.56,0.5014,1.08,0.274,6.0,0.0,1.0,0.0,5.66,0.4785,4.0,0.0,6.0,0.0,2.0,0.0
amusement_new_7.jpg,6.0,0.0,1.0,0.0,6.0,0.0,2.0,0.0,2.0,0.0,1.0,0.0,5.0,0.0,1.0,0.0,6.0,0.0,2.0,0.0,3.4,0.4949,1.0,0.0,6.08,0.274,1.0,0.0,4.98,0.1414,3.0,0.0,5.0,0.0,1.64,0.4849
amusement_new_8.jpg,6.0,0.0,1.0,0.0,3.0,0.0,2.0,0.0,2.0,0.0,1.0,0.0,6.0,0.0,1.0,0.0,6.0,0.0,2.0,0.0,2.0,0.0,1.0,0.0,6.0,0.0,1.02,0.1414,2.0,0.0,5.0,0.0,5.0,0.0,2.0,0.0
joy_new_10.jpg,5.0,0.0,1.0,0.0,6.0,0.0,2.78,0.4185,3.02,0.1414,1.0,0.0,6.0,0.0,1.0,0.0,6.46,0.5035,2.0,0.0,4.78,0.4185,1.0,0.0,7.0,0.0,1.0,0.0,4.98,0.1414,4.0,0.0,6.0,0.0,1.0,0.0
joy_new_10_midj_af.jpg,4.0,0.0,1.0,0.0,6.0,0.0,2.02,0.1414,3.0,0.0,1.0,0.0,4.0,0.0,1.0,0.0,6.0,0.0,2.0,0.0,5.0,0.0,1.0,0.0,6.0,0.0,1.0,0.0,5.98,0.1414,3.0,0.0,5.52,0.5047,2.0,0.0
joy_new_10_midj_as.jpg,4.0,0.0,1.0,0.0,5.98,0.1414,2.0,0.0,3.0,0.0,1.0,0.0,4.0,0.0,1.0,0.0,6.0,0.0,2.0,0.0,4.0,0.0,1.0,0.0,6.0,0.0,1.0,0.0,5.88,0.3283,3.0,0.0,5.0,0.0,1.98,0.1414
joy_new_10_midj_euna.jpg,5.0,0.0,1.0,0.0,6.0,0.0,2.78,0.4185,3.02,0.1414,1.0,0.0,6.0,0.0,1.0,0.0,6.46,0.5035,2.0,0.0,4.78,0.4185,1.0,0.0,7.0,0.0,1.0,0.0,4.98,0.1414,4.0,0.0,6.0,0.0,1.0,0.0
joy_new_10_midj_sa.jpg,3.0,0.0,1.0,0.0,6.0,0.0,2.02,0.1414,2.0,0.0,1.0,0.0,3.22,0.4185,1.0,0.0,6.0,0.0,2.0,0.0,5.0,0.0,1.0,0.0,6.0,0.0,1.0,0.0,6.0,0.0,3.0,0.0,5.8,0.4041,1.04,0.1979
joy_new_11.jpg,6.0,0.0,1.0,0.0,3.2,0.4041,3.0,0.0,3.0,0.0,1.0,0.0,6.0,0.0,1.0,0.0,6.0,0.0,2.0,0.0,2.0,0.0,1.0,0.0,7.0,0.0,1.0,0.0,3.0,0.0,5.0,0.0,6.0,0.0,2.0,0.0
joy_new_11_midj_af.jpg,6.0,0.0,1.0,0.0,4.92,0.274,2.0,0.0,3.0,0.0,1.0,0.0,5.9,0.303,1.0,0.0,6.0,0.0,2.0,0.0,2.0,0.0,1.0,0.0,6.0,0.0,1.36,0.4849,3.98,0.1414,4.0,0.0,5.0,0.0,2.0,0.0
joy_new_11_midj_as.jpg,6.0,0.0,1.0,0.0,5.0,0.0,2.0,0.0,2.0,0.0,1.0,0.0,5.52,0.5047,1.0,0.0,6.0,0.0,2.0,0.0,2.0,0.0,1.0,0.0,6.0,0.0,1.0,0.0,3.0,0.0,4.0,0.0,5.38,0.4903,2.0,0.0
joy_new_11_midj_euna.jpg,6.0,0.0,1.0,0.0,3.2,0.4041,3.0,0.0,3.0,0.0,1.0,0.0,6.0,0.0,1.0,0.0,6.0,0.0,2.0,0.0,2.0,0.0,1.0,0.0,7.0,0.0,1.0,0.0,3.0,0.0,5.0,0.0,6.0,0.0,2.0,0.0
joy_new_11_midj_sa.jpg,5.0,0.0,1.0,0.0,5.0,0.0,3.0,0.0,3.0,0.0,1.0,0.0,5.52,0.5047,1.0,0.0,6.0,0.0,2.0,0.0,3.98,0.1414,1.0,0.0,6.0,0.0,1.0,0.0,5.0,0.0,3.02,0.1414,5.28,0.4536,2.0,0.0
joy_new_12.jpg,6.0,0.0,1.0,0.0,5.52,0.5047,3.0,0.0,2.06,0.2399,1.0,0.0,6.0,0.0,1.0,0.0,7.0,0.0,2.0,0.0,2.12,0.3283,1.0,0.0,7.0,0.0,1.0,0.0,3.0,0.0,5.0,0.0,6.0,0.0,1.0,0.0
joy_new_13.jpg,5.0,0.0,1.0,0.0,5.0,0.0,3.0,0.0,2.86,0.3505,1.44,0.5014,5.0,0.0,2.0,0.0,6.0,0.0,2.02,0.1414,4.0,0.0,1.0,0.0,6.0,0.0,1.36,0.4849,5.0,0.0,3.0,0.0,5.98,0.1414,2.0,0.0
joy_new_14.jpg,6.0,0.0,1.04,0.1979,6.0,0.0,3.0,0.0,3.0,0.0,1.0,0.0,6.0,0.0,1.26,0.4431,6.36,0.4849,2.0,0.0,6.0,0.0,1.64,0.4849,7.0,0.0,1.0,0.0,3.0,0.0,3.66,0.4785,6.0,0.0,1.64,0.4849
joy_new_2_midj_af.jpg,5.38,0.4903,1.0,0.0,6.0,0.0,2.0,0.0,5.0,0.0,1.0,0.0,4.0,0.0,1.0,0.0,6.0,0.0,2.0,0.0,6.0,0.0,1.0,0.0,6.96,0.1979,1.0,0.0,6.0,0.0,2.0,0.0,6.0,0.0,1.0,0.0
joy_new_2_midj_as.jpg,5.1,0.303,1.0,0.0,6.0,0.0,2.0,0.0,3.0,0.0,1.0,0.0,4.0,0.0,1.0,0.0,6.0,0.0,2.0,0.0,5.0,0.0,1.0,0.0,6.0,0.0,1.0,0.0,5.28,0.4536,2.58,0.4986,6.0,0.0,1.0,0.0
joy_new_2_midj_euna.jpg,6.0,0.0,1.0,0.0,6.0,0.0,2.0,0.0,6.0,0.0,2.0,0.0,6.0,0.0,1.0,0.0,7.0,0.0,2.0,0.0,6.0,0.0,1.0,0.0,7.0,0.0,1.0,0.0,2.0,0.0,3.0,0.0,6.0,0.0,2.0,0.0
joy_new_2_midj_sa.jpg,5.0,0.0,1.0,0.0,6.0,0.0,2.0,0.0,4.1,0.303,1.0,0.0,4.0,0.0,1.0,0.0,6.0,0.0,2.0,0.0,5.96,0.1979,1.0,0.0,6.0,0.0,1.0,0.0,5.0,0.0,2.08,0.274,6.0,0.0,1.0,0.0
joy_new_4.jpg,6.0,0.0,1.0,0.0,5.0,0.0,2.04,0.1979,2.0,0.0,1.0,0.0,5.0,0.0,1.0,0.0,6.0,0.0,2.0,0.0,3.02,0.1414,1.0,0.0,6.0,0.0,1.0,0.0,4.04,0.1979,3.0,0.0,6.0,0.0,1.02,0.1414
joy_new_5.jpg,5.04,0.1979,1.0,0.0,5.52,0.5047,2.02,0.1414,4.38,0.4903,1.0,0.0,4.98,0.1414,1.0,0.0,6.0,0.0,2.0,0.0,3.0,0.0,1.0,0.0,6.0,0.0,1.0,0.0,6.0,0.0,3.0,0.0,6.0,0.0,2.0,0.0
joy_new_6.jpg,3.0,0.0,1.0,0.0,5.0,0.0,6.0,0.0,2.66,0.4785,1.0,0.0,6.0,0.0,2.0,0.0,6.0,0.0,2.0,0.0,3.0,0.0,1.02,0.1414,6.0,0.0,1.0,0.0,5.0,0.0,4.0,0.0,6.0,0.0,2.0,0.0
joy_new_7.jpg,6.0,0.0,1.0,0.0,6.0,0.0,3.0,0.0,2.9,0.303,1.0,0.0,5.08,0.274,1.0,0.0,6.1,0.303,2.0,0.0,6.0,0.0,1.0,0.0,7.0,0.0,1.0,0.0,6.0,0.0,3.2,0.4041,6.0,0.0,1.0,0.0
joy_new_7_midj_af.jpg,3.22,0.4185,1.0,0.0,6.0,0.0,3.0,0.0,2.0,0.0,1.0,0.0,3.0,0.0,1.0,0.0,6.0,0.0,2.72,0.4536,5.0,0.0,1.0,0.0,6.0,0.0,1.0,0.0,6.0,0.0,3.0,0.0,6.0,0.0,1.04,0.1979
joy_new_7_midj_as.jpg,5.0,0.0,1.0,0.0,6.0,0.0,3.0,0.0,2.72,0.4536,1.0,0.0,4.0,0.0,1.0,0.0,6.0,0.0,2.0,0.0,6.0,0.0,1.0,0.0,6.0,0.0,1.0,0.0,6.0,0.0,3.0,0.0,6.0,0.0,1.0,0.0
joy_new_7_midj_euna.jpg,3.68,0.4712,1.0,0.0,6.0,0.0,2.24,0.4314,2.0,0.0,1.0,0.0,4.0,0.0,1.0,0.0,6.0,0.0,2.0,0.0,6.0,0.0,1.0,0.0,6.0,0.0,1.0,0.0,6.0,0.0,3.0,0.0,6.0,0.0,1.12,0.3283
joy_new_7_midj_sa.jpg,5.0,0.0,1.0,0.0,6.0,0.0,3.0,0.0,2.94,0.2399,1.0,0.0,4.0,0.0,1.0,0.0,6.0,0.0,2.0,0.0,6.0,0.0,1.0,0.0,7.0,0.0,1.0,0.0,6.0,0.0,3.0,0.0,6.0,0.0,1.0,0.0
joy_new_8.jpg,3.0,0.0,1.0,0.0,5.0,0.0,2.0,0.0,5.0,0.0,1.0,0.0,3.0,0.0,1.0,0.0,6.0,0.0,2.0,0.0,3.0,0.0,2.0,0.0,6.0,0.0,1.0,0.0,6.0,0.0,3.0,0.0,5.0,0.0,2.0,0.0
joy_new_9.jpg,4.86,0.3505,1.0,0.0,6.0,0.0,3.0,0.0,2.0,0.0,1.0,0.0,5.0,0.0,1.0,0.0,6.0,0.0,2.0,0.0,3.18,0.3881,1.0,0.0,6.94,0.2399,1.0,0.0,5.0,0.0,3.0,0.0,6.0,0.0,2.0,0.0
maps152_midj.jpg,3.0,0.0,1.0,0.0,6.0,0.0,2.12,0.3283,2.0,0.0,1.0,0.0,5.0,0.0,2.0,0.0,6.0,0.0,2.0,0.0,3.0,0.0,2.0,0.0,6.0,0.0,2.0,0.0,3.98,0.1414,3.0,0.0,5.0,0.0,2.0,0.0
2190_midj.jpg,2.0,0.0,3.0,0.0,2.0,0.0,2.04,0.1979,2.0,0.0,2.0,0.0,2.0,0.0,2.0,0.0,2.0,0.0,3.2,0.4041,2.0,0.0,4.0,0.0,3.0,0.0,3.94,0.2399,3.0,0.0,3.0,0.0,3.0,0.0,3.0,0.0
2190_midj_af.jpg,1.54,0.5035,2.0,0.0,3.0,0.0,3.98,0.1414,1.64,0.4849,1.02,0.1414,2.0,0.0,2.0,0.0,2.0,0.0,4.0,0.0,3.0,0.0,4.0,0.0,3.2,0.4041,3.0,0.0,4.92,0.274,3.0,0.0,3.0,0.0,2.0,0.0
2190_midj_as.jpg,2.0,0.0,2.0,0.0,3.0,0.0,3.0,0.0,2.0,0.0,1.0,0.0,2.0,0.0,1.0,0.0,3.0,0.0,4.86,0.3505,3.0,0.0,3.0,0.0,4.0,0.0,2.0,0.0,5.96,0.1979,2.02,0.1414,3.0,0.0,2.0,0.0
2190_midj_euna.jpg,2.0,0.0,3.0,0.0,2.0,0.0,2.04,0.1979,2.0,0.0,2.0,0.0,2.0,0.0,2.0,0.0,2.0,0.0,3.2,0.4041,2.0,0.0,4.0,0.0,3.0,0.0,3.94,0.2399,3.0,0.0,3.0,0.0,3.0,0.0,3.0,0.0
2190_midj_sa.jpg,1.76,0.4314,2.0,0.0,3.0,0.0,3.0,0.0,2.0,0.0,2.0,0.0,2.0,0.0,2.0,0.0,2.0,0.0,4.0,0.0,3.0,0.0,4.0,0.0,3.0,0.0,3.0,0.0,4.0,0.0,2.9,0.303,3.0,0.0,2.78,0.4185
2191_midj.jpg,2.0,0.0,2.0,0.0,3.0,0.0,2.12,0.3283,3.0,0.0,2.0,0.0,2.0,0.0,1.08,0.274,3.0,0.0,4.0,0.0,3.0,0.0,3.0,0.0,4.0,0.0,2.0,0.0,5.0,0.0,3.0,0.0,3.0,0.0,2.0,0.0
2191_midj_af.jpg,2.0,0.0,1.0,0.0,3.0,0.0,3.0,0.0,2.0,0.0,1.0,0.0,2.0,0.0,1.0,0.0,3.0,0.0,4.04,0.1979,3.98,0.1414,3.0,0.0,4.16,0.3703,2.0,0.0,5.0,0.0,3.0,0.0,3.0,0.0,2.0,0.0
2191_midj_as.jpg,2.0,0.0,2.0,0.0,3.0,0.0,3.0,0.0,2.0,0.0,1.0,0.0,2.24,0.4314,1.0,0.0,3.0,0.0,4.0,0.0,3.94,0.2399,3.0,0.0,4.62,0.4903,2.0,0.0,5.0,0.0,3.0,0.0,3.02,0.1414,2.0,0.0
2191_midj_euna.jpg,2.0,0.0,2.0,0.0,3.0,0.0,2.12,0.3283,3.0,0.0,2.0,0.0,2.0,0.0,1.08,0.274,3.0,0.0,4.0,0.0,3.0,0.0,3.0,0.0,4.0,0.0,2.0,0.0,5.0,0.0,3.0,0.0,3.0,0.0,2.0,0.0
2191_midj_sa.jpg,2.0,0.0,2.0,0.0,3.0,0.0,3.0,0.0,3.0,0.0,1.0,0.0,3.0,0.0,1.0,0.0,3.98,0.1414,3.08,0.274,3.78,0.4185,3.0,0.0,5.0,0.0,2.0,0.0,5.0,0.0,3.0,0.0,3.98,0.1414,2.0,0.0
2377_midj.jpg,2.0,0.0,1.0,0.0,2.66,0.4785,2.0,0.0,2.0,0.0,1.0,0.0,2.06,0.2399,1.0,0.0,3.0,0.0,4.04,0.1979,2.0,0.0,2.08,0.274,4.0,0.0,2.0,0.0,5.0,0.0,2.04,0.1979,3.0,0.0,2.0,0.0
2384_midj.jpg,2.0,0.0,2.0,0.0,2.08,0.274,2.0,0.0,2.0,0.0,2.0,0.0,2.0,0.0,1.36,0.4849,3.0,0.0,5.0,0.0,2.0,0.0,3.0,0.0,3.98,0.1414,2.0,0.0,5.0,0.0,2.0,0.0,3.0,0.0,2.58,0.4986
2384_midj_af.jpg,2.0,0.0,1.0,0.0,2.66,0.4785,3.0,0.0,2.02,0.1414,1.0,0.0,2.98,0.1414,2.0,0.0,3.0,0.0,4.0,0.0,2.0,0.0,3.0,0.0,4.0,0.0,2.0,0.0,6.0,0.0,3.0,0.0,3.0,0.0,2.0,0.0
2384_midj_as.jpg,2.0,0.0,1.0,0.0,3.0,0.0,3.0,0.0,2.0,0.0,1.0,0.0,2.0,0.0,1.0,0.0,4.0,0.0,4.0,0.0,2.0,0.0,3.0,0.0,5.0,0.0,2.0,0.0,6.0,0.0,2.78,0.4185,3.94,0.2399,2.0,0.0
2384_midj_euna.jpg,2.0,0.0,1.0,0.0,3.0,0.0,3.0,0.0,2.0,0.0,1.0,0.0,2.9,0.303,1.0,0.0,4.0,0.0,5.0,0.0,2.0,0.0,3.0,0.0,5.0,0.0,2.0,0.0,6.0,0.0,3.0,0.0,3.4,0.4949,2.0,0.0
2384_midj_sa.jpg,2.0,0.0,1.0,0.0,3.0,0.0,4.0,0.0,2.0,0.0,1.0,0.0,3.0,0.0,2.0,0.0,3.22,0.4185,4.0,0.0,2.0,0.0,3.0,0.0,5.0,0.0,2.0,0.0,6.0,0.0,3.0,0.0,3.78,0.4185,2.0,0.0
5395_midj.jpg,2.0,0.0,2.0,0.0,2.0,0.0,3.0,0.0,2.0,0.0,3.02,0.1414,2.08,0.274,3.0,0.0,2.0,0.0,4.0,0.0,2.0,0.0,4.0,0.0,2.04,0.1979,4.0,0.0,3.0,0.0,3.0,0.0,3.0,0.0,4.0,0.0
5471_midj.jpg,2.0,0.0,1.26,0.4431,2.0,0.0,4.02,0.1414,2.0,0.0,1.0,0.0,3.0,0.0,2.0,0.0,3.0,0.0,4.0,0.0,2.0,0.0,2.02,0.1414,3.0,0.0,2.0,0.0,5.0,0.0,3.0,0.0,3.0,0.0,2.0,0.0
5875_midj.jpg,2.0,0.0,1.0,0.0,3.2,0.4041,3.0,0.0,2.0,0.0,1.0,0.0,2.78,0.4185,1.82,0.3881,4.0,0.0,4.0,0.0,3.0,0.0,3.3,0.4629,5.0,0.0,2.0,0.0,6.0,0.0,2.04,0.1979,3.0,0.0,2.0,0.0
5875_midj_af.jpg,1.98,0.1414,1.88,0.3283,3.0,0.0,3.78,0.4185,2.0,0.0,1.0,0.0,2.0,0.0,2.0,0.0,2.02,0.1414,4.0,0.0,2.86,0.3505,5.0,0.0,3.0,0.0,3.08,0.274,5.0,0.0,3.0,0.0,3.0,0.0,3.0,0.0
5875_midj_as.jpg,2.0,0.0,1.0,0.0,3.56,0.5014,3.0,0.0,2.0,0.0,1.0,0.0,2.0,0.0,1.0,0.0,4.0,0.0,4.0,0.0,3.0,0.0,4.0,0.0,5.0,0.0,2.0,0.0,6.0,0.0,2.08,0.274,3.0,0.0,2.0,0.0
5875_midj_euna.jpg,2.0,0.0,1.0,0.0,3.2,0.4041,3.0,0.0,2.0,0.0,1.0,0.0,2.78,0.4185,1.82,0.3881,4.0,0.0,4.0,0.0,3.0,0.0,3.3,0.4629,5.0,0.0,2.0,0.0,6.0,0.0,2.04,0.1979,3.0,0.0,2.0,0.0
5875_midj_sa.jpg,2.0,0.0,1.0,0.0,4.0,0.0,3.0,0.0,3.0,0.0,1.0,0.0,2.0,0.0,1.0,0.0,5.0,0.0,3.0,0.0,4.0,0.0,2.0,0.0,6.0,0.0,2.0,0.0,6.0,0.0,2.0,0.0,4.0,0.0,2.0,0.0
7000_midj.jpg,2.0,0.0,1.0,0.0,2.0,0.0,2.0,0.0,3.78,0.4185,1.0,0.0,2.0,0.0,1.0,0.0,3.0,0.0,5.0,0.0,3.0,0.0,2.0,0.0,3.0,0.0,1.12,0.3283,5.0,0.0,2.0,0.0,3.0,0.0,2.0,0.0
7001_midj.jpg,2.0,0.0,1.0,0.0,2.0,0.0,2.0,0.0,2.0,0.0,1.02,0.1414,2.0,0.0,1.0,0.0,3.0,0.0,4.92,0.274,2.0,0.0,2.0,0.0,3.0,0.0,1.0,0.0,3.0,0.0,2.0,0.0,3.0,0.0,2.0,0.0
7033_midj.jpg,2.0,0.0,1.02,0.1414,2.0,0.0,3.0,0.0,2.0,0.0,1.0,0.0,3.0,0.0,2.0,0.0,3.0,0.0,4.0,0.0,1.0,0.0,2.0,0.0,3.2,0.4041,2.0,0.0,4.0,0.0,3.0,0.0,3.0,0.0,2.0,0.0
7033_midj_af.jpg,2.0,0.0,2.0,0.0,2.0,0.0,3.0,0.0,2.0,0.0,2.0,0.0,3.0,0.0,2.0,0.0,3.0,0.0,4.0,0.0,2.0,0.0,3.0,0.0,3.0,0.0,2.66,0.4785,3.0,0.0,3.0,0.0,3.0,0.0,3.0,0.0
7033_midj_as.jpg,2.0,0.0,1.02,0.1414,2.0,0.0,3.0,0.0,2.0,0.0,1.0,0.0,3.0,0.0,2.0,0.0,3.0,0.0,4.0,0.0,1.0,0.0,2.0,0.0,3.2,0.4041,2.0,0.0,4.0,0.0,3.0,0.0,3.0,0.0,2.0,0.0
7033_midj_euna.jpg,2.0,0.0,1.0,0.0,3.0,0.0,3.0,0.0,2.0,0.0,1.0,0.0,3.0,0.0,2.0,0.0,3.2,0.4041,4.0,0.0,2.0,0.0,3.0,0.0,4.38,0.4903,2.0,0.0,6.0,0.0,3.0,0.0,3.2,0.4041,2.0,0.0
7033_midj_sa.jpg,2.0,0.0,2.0,0.0,2.0,0.0,3.0,0.0,2.0,0.0,1.0,0.0,3.0,0.0,2.0,0.0,3.0,0.0,4.16,0.3703,2.0,0.0,2.0,0.0,3.0,0.0,2.0,0.0,5.0,0.0,3.0,0.0,3.0,0.0,2.06,0.2399
7036_midj.jpg,2.0,0.0,2.0,0.0,2.0,0.0,3.0,0.0,2.0,0.0,2.0,0.0,3.0,0.0,2.0,0.0,2.0,0.0,5.0,0.0,1.0,0.0,2.0,0.0,3.0,0.0,2.9,0.303,3.0,0.0,3.0,0.0,3.0,0.0,3.0,0.0
7041_midj.jpg,2.0,0.0,1.0,0.0,2.0,0.0,2.0,0.0,2.0,0.0,2.0,0.0,2.0,0.0,1.0,0.0,2.0,0.0,5.0,0.0,2.0,0.0,2.0,0.0,3.0,0.0,2.0,0.0,4.16,0.3703,2.0,0.0,3.0,0.0,2.0,0.0
7080_midj.jpg,1.0,0.0,1.0,0.0,1.0,0.0,1.98,0.1414,2.0,0.0,1.0,0.0,1.54,0.5035,1.0,0.0,2.0,0.0,5.88,0.3283,1.0,0.0,2.0,0.0,2.9,0.303,1.02,0.1414,3.0,0.0,2.0,0.0,2.0,0.0,1.26,0.4431
7100_midj.jpg,2.0,0.0,1.08,0.274,1.12,0.3283,2.0,0.0,1.54,0.5035,2.0,0.0,2.0,0.0,1.0,0.0,2.0,0.0,4.62,0.4903,1.0,0.0,2.0,0.0,2.0,0.0,2.0,0.0,3.0,0.0,2.0,0.0,2.0,0.0,2.0,0.0
7140_midj.jpg,3.0,0.0,1.0,0.0,3.0,0.0,3.0,0.0,2.78,0.4185,1.0,0.0,3.0,0.0,1.0,0.0,4.0,0.0,4.0,0.0,2.12,0.3283,2.0,0.0,5.0,0.0,2.0,0.0,5.0,0.0,3.0,0.0,3.98,0.1414,2.0,0.0
7500_midj.jpg,2.0,0.0,2.0,0.0,2.0,0.0,3.0,0.0,1.64,0.4849,2.0,0.0,2.0,0.0,2.0,0.0,2.0,0.0,4.1,0.303,1.0,0.0,2.72,0.4536,3.0,0.0,3.0,0.0,3.0,0.0,2.02,0.1414,2.78,0.4185,3.0,0.0
7560_midj.jpg,2.0,0.0,2.0,0.0,2.0,0.0,3.0,0.0,2.0,0.0,2.0,0.0,3.0,0.0,2.0,0.0,2.0,0.0,4.0,0.0,1.0,0.0,2.08,0.274,3.0,0.0,2.58,0.4986,3.0,0.0,3.0,0.0,3.0,0.0,3.0,0.0
7705_midj.jpg,1.0,0.0,1.0,0.0,1.0,0.0,1.0,0.0,1.0,0.0,1.0,0.0,1.0,0.0,1.0,0.0,2.0,0.0,6.0,0.0,1.0,0.0,1.0,0.0,2.0,0.0,1.0,0.0,3.0,0.0,1.44,0.5014,2.0,0.0,1.36,0.4849
n041_midj.jpg,2.0,0.0,2.0,0.0,2.0,0.0,2.0,0.0,1.0,0.0,2.0,0.0,2.0,0.0,2.0,0.0,2.0,0.0,5.0,0.0,1.0,0.0,3.0,0.0,2.0,0.0,3.0,0.0,3.0,0.0,2.0,0.0,2.0,0.0,3.0,0.0
n070_midj.jpg,2.0,0.0,1.0,0.0,3.0,0.0,2.24,0.4314,3.0,0.0,1.0,0.0,3.0,0.0,1.0,0.0,3.0,0.0,5.0,0.0,2.0,0.0,2.0,0.0,4.0,0.0,1.26,0.4431,4.0,0.0,2.66,0.4785,3.02,0.1414,2.0,0.0
1710_midj.jpg,6.0,0.0,1.0,0.0,6.0,0.0,3.0,0.0,5.98,0.1414,1.0,0.0,4.0,0.0,1.0,0.0,6.0,0.0,2.0,0.0,6.08,0.274,2.0,0.0,7.0,0.0,1.0,0.0,6.0,0.0,3.0,0.0,6.08,0.274,1.0,0.0
animals_166_v_midj.jpg,4.0,0.0,1.0,0.0,6.0,0.0,3.0,0.0,2.0,0.0,1.0,0.0,2.0,0.0,1.0,0.0,6.0,0.0,2.0,0.0,6.0,0.0,2.0,0.0,6.0,0.0,1.0,0.0,6.0,0.0,2.0,0.0,6.0,0.0,1.0,0.0
baby1_midj.jpg,3.0,0.0,1.0,0.0,6.0,0.0,5.0,0.0,2.0,0.0,1.0,0.0,3.0,0.0,1.0,0.0,6.0,0.0,2.0,0.0,6.0,0.0,2.0,0.0,6.0,0.0,1.0,0.0,6.0,0.0,2.0,0.0,6.0,0.0,1.0,0.0
baby5_midj.jpg,5.0,0.0,1.0,0.0,6.86,0.3505,3.0,0.0,2.0,0.0,1.0,0.0,3.0,0.0,1.0,0.0,6.0,0.0,2.0,0.0,6.06,0.2399,1.0,0.0,6.08,0.274,1.0,0.0,6.0,0.0,2.0,0.0,6.0,0.0,1.0,0.0
baby_1_midj_af.jpg,2.0,0.0,1.0,0.0,6.0,0.0,4.0,0.0,2.0,0.0,1.0,0.0,2.0,0.0,1.96,0.1979,5.0,0.0,3.0,0.0,6.0,0.0,3.0,0.0,6.0,0.0,2.0,0.0,5.28,0.4536,2.0,0.0,5.02,0.1414,2.0,0.0
baby_1_midj_as.jpg,2.0,0.0,1.0,0.0,6.0,0.0,3.0,0.0,2.0,0.0,1.0,0.0,2.08,0.274,2.0,0.0,4.1,0.303,3.0,0.0,5.96,0.1979,3.98,0.1414,5.0,0.0,2.0,0.0,5.1,0.303,2.0,0.0,3.94,0.2399,2.0,0.0
baby_1_midj_euna.jpg,3.0,0.0,1.0,0.0,6.0,0.0,5.0,0.0,2.0,0.0,1.0,0.0,3.0,0.0,1.0,0.0,6.0,0.0,2.0,0.0,6.0,0.0,2.0,0.0,6.0,0.0,1.0,0.0,6.0,0.0,2.0,0.0,6.0,0.0,1.0,0.0
baby_1_midj_sa.jpg,2.94,0.2399,1.0,0.0,6.0,0.0,3.4,0.4949,2.0,0.0,1.0,0.0,3.0,0.0,1.0,0.0,6.0,0.0,2.66,0.4785,6.0,0.0,2.0,0.0,6.0,0.0,1.02,0.1414,6.0,0.0,2.0,0.0,5.96,0.1979,1.02,0.1414
baby_5_midj_af.jpg,3.0,0.0,1.0,0.0,6.0,0.0,3.0,0.0,2.0,0.0,1.0,0.0,2.0,0.0,1.44,0.5014,3.3,0.4629,3.0,0.0,6.0,0.0,2.0,0.0,6.0,0.0,1.0,0.0,5.98,0.1414,2.0,0.0,6.0,0.0,1.44,0.5014
baby_5_midj_as.jpg,3.0,0.0,1.0,0.0,6.0,0.0,3.0,0.0,2.0,0.0,1.0,0.0,2.9,0.303,1.0,0.0,6.0,0.0,2.9,0.303,6.0,0.0,1.0,0.0,6.0,0.0,1.0,0.0,6.0,0.0,2.0,0.0,6.0,0.0,1.0,0.0
baby_5_midj_euna.jpg,5.0,0.0,1.0,0.0,6.86,0.3505,3.0,0.0,2.0,0.0,1.0,0.0,3.0,0.0,1.0,0.0,6.0,0.0,2.0,0.0,6.06,0.2399,1.0,0.0,6.08,0.274,1.0,0.0,6.0,0.0,2.0,0.0,6.0,0.0,1.0,0.0
baby_5_midj_sa.jpg,5.0,0.0,1.0,0.0,6.0,0.0,3.0,0.0,2.0,0.0,1.0,0.0,2.78,0.4185,1.0,0.0,6.0,0.0,2.02,0.1414,6.0,0.0,1.0,0.0,6.0,0.0,1.0,0.0,6.0,0.0,2.0,0.0,6.0,0.0,1.0,0.0
cat5_midj.jpg,6.0,0.0,1.0,0.0,6.0,0.0,3.0,0.0,2.58,0.4986,1.0,0.0,2.0,0.0,1.0,0.0,6.0,0.0,2.0,0.0,6.0,0.0,2.0,0.0,7.0,0.0,1.0,0.0,7.0,0.0,2.0,0.0,6.0,0.0,1.0,0.0
cat_5_midj_af.jpg,6.0,0.0,1.0,0.0,6.0,0.0,3.0,0.0,2.0,0.0,1.0,0.0,3.0,0.0,1.0,0.0,6.0,0.0,2.66,0.4785,6.0,0.0,2.0,0.0,6.0,0.0,1.0,0.0,6.0,0.0,2.0,0.0,6.0,0.0,1.26,0.4431
cat_5_midj_as.jpg,6.0,0.0,1.0,0.0,6.0,0.0,3.0,0.0,2.0,0.0,1.0,0.0,2.0,0.0,1.0,0.0,6.0,0.0,2.0,0.0,6.0,0.0,2.0,0.0,7.0,0.0,1.0,0.0,6.98,0.1414,2.0,0.0,6.0,0.0,1.0,0.0
cat_5_midj_euna.jpg,6.0,0.0,1.0,0.0,6.0,0.0,3.0,0.0,2.04,0.1979,1.0,0.0,2.72,0.4536,1.0,0.0,6.0,0.0,2.02,0.1414,6.0,0.0,2.0,0.0,6.98,0.1414,1.0,0.0,6.36,0.4849,2.0,0.0,6.0,0.0,2.0,0.0
cat_5_midj_sa.jpg,6.0,0.0,1.0,0.0,6.0,0.0,3.0,0.0,2.0,0.0,1.0,0.0,2.0,0.0,1.0,0.0,6.0,0.0,2.02,0.1414,6.0,0.0,2.0,0.0,7.0,0.0,1.0,0.0,6.94,0.2399,2.0,0.0,6.0,0.0,1.0,0.0
dog12_midj.jpg,6.0,0.0,1.0,0.0,6.0,0.0,2.0,0.0,2.0,0.0,1.0,0.0,5.0,0.0,1.0,0.0,6.0,0.0,2.0,0.0,6.0,0.0,1.0,0.0,6.0,0.0,1.0,0.0,3.0,0.0,3.0,0.0,6.0,0.0,1.0,0.0
dog4_midj.jpg,6.0,0.0,1.0,0.0,6.0,0.0,4.0,0.0,2.9,0.303,1.0,0.0,2.12,0.3283,1.0,0.0,6.0,0.0,2.0,0.0,6.0,0.0,2.0,0.0,7.0,0.0,1.0,0.0,6.0,0.0,2.0,0.0,6.06,0.2399,1.0,0.0
dog6_midj.jpg,6.0,0.0,1.0,0.0,6.0,0.0,3.0,0.0,2.58,0.4986,1.0,0.0,3.68,0.4712,1.0,0.0,6.0,0.0,2.0,0.0,6.0,0.0,1.0,0.0,7.0,0.0,1.0,0.0,5.0,0.0,3.0,0.0,6.0,0.0,1.0,0.0
dog_6_midj_af.jpg,6.0,0.0,1.0,0.0,6.0,0.0,3.0,0.0,3.0,0.0,1.0,0.0,3.0,0.0,1.76,0.4314,6.0,0.0,2.0,0.0,6.0,0.0,2.0,0.0,6.08,0.274,1.0,0.0,5.9,0.303,3.0,0.0,6.0,0.0,1.0,0.0
dog_6_midj_as.jpg,6.0,0.0,1.0,0.0,6.0,0.0,3.0,0.0,3.0,0.0,1.0,0.0,3.0,0.0,1.0,0.0,6.06,0.2399,2.0,0.0,6.0,0.0,1.0,0.0,7.0,0.0,1.0,0.0,6.0,0.0,3.0,0.0,6.36,0.4849,1.0,0.0
dog_6_midj_euna.jpg,6.0,0.0,1.0,0.0,6.0,0.0,3.0,0.0,2.58,0.4986,1.0,0.0,3.68,0.4712,1.0,0.0,6.0,0.0,2.0,0.0,6.0,0.0,1.0,0.0,7.0,0.0,1.0,0.0,5.0,0.0,3.0,0.0,6.0,0.0,1.0,0.0
dog_6_midj_sa.jpg,4.24,0.4314,1.0,0.0,6.0,0.0,2.0,0.0,2.0,0.0,1.0,0.0,2.04,0.1979,2.0,0.0,5.14,0.3505,2.98,0.1414,6.0,0.0,3.0,0.0,6.0,0.0,2.0,0.0,6.0,0.0,2.0,0.0,6.0,0.0,1.98,0.1414
h001_midj.jpg,2.0,0.0,1.0,0.0,6.0,0.0,3.0,0.0,2.0,0.0,1.0,0.0,2.0,0.0,1.08,0.274,3.0,0.0,3.0,0.0,6.0,0.0,3.0,0.0,5.88,0.3283,2.0,0.0,6.0,0.0,2.0,0.0,3.98,0.1414,2.0,0.0
h090_midj.jpg,4.0,0.0,1.0,0.0,6.0,0.0,2.0,0.0,2.0,0.0,2.0,0.0,3.94,0.2399,1.0,0.0,6.0,0.0,2.0,0.0,4.98,0.1414,2.0,0.0,6.0,0.0,2.0,0.0,5.0,0.0,2.0,0.0,6.0,0.0,2.58,0.4986
maps145_midj.jpg,3.0,0.0,1.0,0.0,6.0,0.0,3.0,0.0,2.0,0.0,1.0,0.0,5.0,0.0,2.0,0.0,6.0,0.0,2.04,0.1979,6.0,0.0,2.0,0.0,6.0,0.0,2.0,0.0,5.0,0.0,3.0,0.0,5.66,0.4785,2.0,0.0
maps160_midj.jpg,4.78,0.4185,1.0,0.0,6.0,0.0,3.0,0.0,2.0,0.0,1.0,0.0,4.0,0.0,1.0,0.0,6.0,0.0,2.0,0.0,6.0,0.0,1.0,0.0,6.08,0.274,1.0,0.0,6.0,0.0,3.0,0.0,6.0,0.0,1.04,0.1979
maps252_midj.jpg,3.0,0.0,1.0,0.0,5.24,0.4314,3.0,0.0,2.0,0.0,1.0,0.0,4.0,0.0,2.0,0.0,6.0,0.0,2.0,0.0,6.0,0.0,2.0,0.0,6.0,0.0,2.0,0.0,5.0,0.0,2.94,0.2399,5.0,0.0,2.0,0.0
p030_midj.jpg,3.0,0.0,1.0,0.0,6.0,0.0,2.58,0.4986,2.0,0.0,1.0,0.0,3.0,0.0,1.0,0.0,6.0,0.0,2.0,0.0,6.0,0.0,1.0,0.0,6.0,0.0,1.0,0.0,5.96,0.1979,2.0,0.0,5.98,0.1414,1.0,0.0
p030_midj_af.jpg,3.0,0.0,1.0,0.0,6.0,0.0,3.0,0.0,2.0,0.0,1.0,0.0,3.0,0.0,1.0,0.0,6.0,0.0,2.0,0.0,6.0,0.0,2.0,0.0,6.0,0.0,2.0,0.0,5.0,0.0,2.0,0.0,6.0,0.0,2.0,0.0
p030_midj_as.jpg,3.0,0.0,1.0,0.0,6.0,0.0,2.86,0.3505,2.0,0.0,1.0,0.0,3.0,0.0,1.0,0.0,5.02,0.1414,3.0,0.0,5.0,0.0,2.0,0.0,6.0,0.0,2.0,0.0,6.0,0.0,2.0,0.0,5.08,0.274,2.0,0.0
p030_midj_euna.jpg,3.0,0.0,1.0,0.0,6.0,0.0,2.0,0.0,1.0,0.0,1.0,0.0,3.0,0.0,1.0,0.0,6.0,0.0,2.86,0.3505,5.0,0.0,1.0,0.0,6.0,0.0,1.0,0.0,5.38,0.4903,2.0,0.0,5.0,0.0,1.36,0.4849
p030_midj_sa.jpg,3.0,0.0,1.0,0.0,5.96,0.1979,3.0,0.0,2.0,0.0,1.0,0.0,3.0,0.0,1.0,0.0,6.0,0.0,2.0,0.0,5.0,0.0,2.0,0.0,6.0,0.0,1.02,0.1414,5.0,0.0,2.0,0.0,5.0,0.0,2.0,0.0
p035_midj.jpg,5.28,0.4536,1.0,0.0,6.0,0.0,3.0,0.0,2.0,0.0,1.0,0.0,4.1,0.303,1.0,0.0,6.0,0.0,2.06,0.2399,6.0,0.0,1.0,0.0,6.0,0.0,1.0,0.0,5.28,0.4536,2.0,0.0,6.0,0.0,1.0,0.0
penguins2_midj.jpg,3.0,0.0,1.0,0.0,6.0,0.0,3.0,0.0,2.0,0.0,1.0,0.0,3.0,0.0,1.0,0.0,5.0,0.0,3.0,0.0,6.0,0.0,2.0,0.0,6.0,0.0,1.82,0.3881,6.0,0.0,2.0,0.0,4.98,0.1414,2.0,0.0
posmidsoc_18_midj.jpg,4.0,0.0,1.0,0.0,6.0,0.0,3.0,0.0,2.0,0.0,1.0,0.0,3.98,0.1414,1.0,0.0,6.0,0.0,2.0,0.0,6.0,0.0,1.88,0.3283,6.0,0.0,1.0,0.0,5.02,0.1414,2.0,0.0,6.0,0.0,1.44,0.5014
posmidsoc_23_midj.jpg,6.0,0.0,1.0,0.0,6.0,0.0,2.02,0.1414,2.0,0.0,1.0,0.0,5.0,0.0,1.0,0.0,6.0,0.0,2.0,0.0,6.0,0.0,1.0,0.0,6.0,0.0,1.0,0.0,5.96,0.1979,3.0,0.0,6.0,0.0,1.0,0.0
posmidsoc_25_midj.jpg,2.0,0.0,1.0,0.0,6.0,0.0,3.2,0.4041,2.0,0.0,1.0,0.0,4.0,0.0,1.0,0.0,6.0,0.0,2.0,0.0,6.0,0.0,3.0,0.0,6.0,0.0,2.0,0.0,5.0,0.0,3.0,0.0,5.92,0.274,2.0,0.0
posmidsoc_2_midj.jpg,4.0,0.0,1.0,0.0,7.0,0.0,3.0,0.0,2.0,0.0,1.0,0.0,6.0,0.0,1.0,0.0,7.0,0.0,2.0,0.0,6.64,0.4849,2.0,0.0,7.0,0.0,1.0,0.0,5.0,0.0,3.0,0.0,6.0,0.0,1.44,0.5014
2455_midj.jpg,1.82,0.3881,2.0,0.0,6.0,0.0,3.0,0.0,2.0,0.0,1.0,0.0,2.0,0.0,3.0,0.0,2.94,0.2399,3.0,0.0,6.0,0.0,6.0,0.0,3.0,0.0,5.88,0.3283,3.98,0.1414,2.0,0.0,3.0,0.0,4.0,0.0
2480_midj.jpg,1.56,0.5014,2.0,0.0,3.0,0.0,3.0,0.0,2.0,0.0,1.02,0.1414,2.0,0.0,2.0,0.0,2.58,0.4986,4.0,0.0,2.86,0.3505,5.0,0.0,3.0,0.0,5.0,0.0,4.86,0.3505,2.12,0.3283,3.0,0.0,3.68,0.4712
2480_midj_af.jpg,1.0,0.0,1.96,0.1979,3.0,0.0,5.0,0.0,2.0,0.0,1.0,0.0,2.58,0.4986,2.0,0.0,3.0,0.0,3.98,0.1414,3.0,0.0,5.0,0.0,3.0,0.0,3.0,0.0,5.0,0.0,3.0,0.0,3.0,0.0,3.0,0.0
2480_midj_as.jpg,2.0,0.0,1.02,0.1414,3.98,0.1414,3.08,0.274,2.58,0.4986,1.0,0.0,2.0,0.0,2.0,0.0,3.0,0.0,3.0,0.0,3.0,0.0,5.0,0.0,4.0,0.0,4.0,0.0,5.0,0.0,3.0,0.0,3.0,0.0,3.0,0.0
2480_midj_euna.jpg,1.54,0.5035,2.0,0.0,3.0,0.0,3.0,0.0,2.0,0.0,1.02,0.1414,2.0,0.0,2.0,0.0,2.58,0.4986,4.0,0.0,2.86,0.3505,5.0,0.0,3.0,0.0,5.0,0.0,4.86,0.3505,2.12,0.3283,3.0,0.0,3.68,0.4712
2480_midj_sa.jpg,1.0,0.0,2.0,0.0,3.0,0.0,3.0,0.0,2.0,0.0,1.0,0.0,2.0,0.0,2.0,0.0,2.0,0.0,3.3,0.4629,2.04,0.1979,5.0,0.0,3.0,0.0,5.0,0.0,5.0,0.0,2.02,0.1414,2.4,0.4949,3.2,0.4041
9470_midj.jpg,1.0,0.0,3.98,0.1414,1.0,0.0,3.0,0.0,1.0,0.0,5.0,0.0,2.0,0.0,6.0,0.0,1.0,0.0,2.0,0.0,1.44,0.5014,6.0,0.0,1.0,0.0,7.0,0.0,1.0,0.0,6.0,0.0,2.0,0.0,7.0,0.0
9530_midj.jpg,1.0,0.0,3.0,0.0,2.0,0.0,2.0,0.0,1.88,0.3283,4.0,0.0,2.0,0.0,3.02,0.1414,1.0,0.0,3.0,0.0,2.24,0.4314,6.0,0.0,2.0,0.0,6.0,0.0,2.0,0.0,3.0,0.0,2.0,0.0,6.0,0.0
9530_midj_af.jpg,1.0,0.0,3.0,0.0,2.0,0.0,4.62,0.4903,2.0,0.0,4.1,0.303,2.0,0.0,5.0,0.0,1.0,0.0,3.0,0.0,2.06,0.2399,6.0,0.0,2.0,0.0,6.0,0.0,2.0,0.0,4.98,0.1414,2.0,0.0,6.0,0.0
9530_midj_as.jpg,1.0,0.0,3.0,0.0,2.0,0.0,3.0,0.0,1.0,0.0,5.02,0.1414,1.98,0.1414,4.1,0.303,1.0,0.0,3.0,0.0,2.78,0.4185,6.0,0.0,1.02,0.1414,6.0,0.0,2.0,0.0,3.0,0.0,2.0,0.0,6.0,0.0
9530_midj_euna.jpg,1.0,0.0,3.0,0.0,2.0,0.0,2.0,0.0,1.88,0.3283,4.0,0.0,2.0,0.0,3.02,0.1414,1.0,0.0,3.0,0.0,2.24,0.4314,6.0,0.0,2.0,0.0,6.0,0.0,2.0,0.0,3.0,0.0,2.0,0.0,6.0,0.0
9530_midj_sa.jpg,1.0,0.0,3.0,0.0,3.0,0.0,2.04,0.1979,1.0,0.0,4.0,0.0,1.76,0.4314,3.2,0.4041,1.0,0.0,2.9,0.303,3.0,0.0,6.0,0.0,2.0,0.0,6.0,0.0,2.0,0.0,3.0,0.0,2.0,0.0,6.0,0.0
9561_midj.jpg,2.0,0.0,2.0,0.0,4.08,0.3405,2.0,0.0,2.0,0.0,5.0,0.0,2.0,0.0,3.0,0.0,2.0,0.0,2.0,0.0,6.0,0.0,6.0,0.0,3.0,0.0,6.0,0.0,2.0,0.0,3.0,0.0,3.0,0.0,5.9,0.303
9941_midj.jpg,1.0,0.0,5.8,0.4041,2.0,0.0,6.0,0.0,2.0,0.0,5.0,0.0,3.3,0.4629,6.0,0.0,1.44,0.5014,2.0,0.0,2.0,0.0,6.0,0.0,2.0,0.0,6.08,0.274,1.64,0.4849,6.0,0.0,2.0,0.0,7.0,0.0
a039_midj.jpg,2.0,0.0,5.0,0.0,2.0,0.0,5.04,0.1979,2.0,0.0,2.66,0.4785,3.4,0.4949,5.04,0.1979,2.0,0.0,2.66,0.4785,2.0,0.0,5.98,0.1414,2.0,0.0,6.0,0.0,2.0,0.0,5.0,0.0,3.0,0.0,6.0,0.0
a059_midj.jpg,3.0,0.0,2.0,0.0,3.0,0.0,4.0,0.0,1.88,0.3283,2.0,0.0,2.0,0.0,2.0,0.0,3.0,0.0,4.0,0.0,3.4,0.4949,4.0,0.0,3.0,0.0,3.22,0.4185,3.94,0.2399,3.0,0.0,3.94,0.2399,3.2,0.4041
animals_077_h_midj.jpg,1.0,0.0,3.02,0.1414,3.86,0.3505,2.12,0.3283,1.12,0.3283,5.02,0.1414,2.0,0.0,4.02,0.1414,2.0,0.0,3.0,0.0,3.0,0.0,5.44,0.5014,2.04,0.1979,6.0,0.0,2.0,0.0,4.0,0.0,3.0,0.0,6.0,0.0
deadbodies2_midj.jpg,1.0,0.0,5.14,0.3505,1.0,0.0,2.0,0.0,1.0,0.0,6.0,0.0,1.0,0.0,6.0,0.0,1.0,0.0,1.0,0.0,1.0,0.0,7.0,0.0,1.0,0.0,7.0,0.0,1.0,0.0,4.88,0.3854,1.0,0.0,7.0,0.0
dog24_midj.jpg,2.0,0.0,2.0,0.0,3.0,0.0,2.0,0.0,3.98,0.1414,4.0,0.0,2.0,0.0,3.0,0.0,2.0,0.0,3.0,0.0,3.4,0.4949,5.04,0.1979,2.9,0.303,5.28,0.4536,2.0,0.0,3.0,0.0,3.0,0.0,5.0,0.0
dog26_midj.jpg,1.0,0.0,5.98,0.1414,2.0,0.0,2.0,0.0,1.0,0.0,6.0,0.0,1.0,0.0,5.0,0.0,1.0,0.0,2.0,0.0,6.0,0.0,6.0,0.0,1.0,0.0,7.0,0.0,2.0,0.0,5.0,0.0,2.0,0.0,7.0,0.0
dog31_midj.jpg,1.12,0.3283,2.0,0.0,6.0,0.0,2.78,0.4185,2.0,0.0,2.0,0.0,2.0,0.0,5.0,0.0,2.0,0.0,2.0,0.0,6.0,0.0,6.0,0.0,2.0,0.0,6.0,0.0,2.0,0.0,3.2,0.4041,3.0,0.0,6.0,0.0
dr11.eu_civil_protection_and_humanitarian_aid_operations-ccbyncnd2.0_midj.jpg,1.0,0.0,4.0,0.0,1.0,0.0,2.0,0.0,1.0,0.0,6.0,0.0,1.0,0.0,5.0,0.0,1.0,0.0,2.0,0.0,1.08,0.274,6.0,0.0,1.0,0.0,6.0,0.0,1.54,0.5035,3.0,0.0,1.98,0.1414,6.0,0.0
dr20.luca_de_vito-ccbyncnd2.0_midj.jpg,1.0,0.0,2.0,0.0,3.0,0.0,2.9,0.303,2.66,0.4785,3.0,0.0,2.0,0.0,3.0,0.0,2.86,0.3505,3.0,0.0,2.94,0.2399,5.0,0.0,3.0,0.0,5.0,0.0,4.0,0.0,2.12,0.3283,3.0,0.0,4.78,0.4185
dr25.padre_djacy_brasileiro-ccbyncnd2.0_midj.jpg,1.0,0.0,6.0,0.0,1.0,0.0,2.0,0.0,1.0,0.0,6.94,0.2399,1.0,0.0,6.0,0.0,1.0,0.0,2.0,0.0,1.0,0.0,6.08,0.274,1.0,0.0,7.0,0.0,1.0,0.0,5.0,0.0,1.04,0.1979,7.0,0.0
faces_172_midj.jpg,1.0,0.0,2.0,0.0,2.0,0.0,2.0,0.0,1.0,0.0,5.0,0.0,1.0,0.0,3.0,0.0,1.0,0.0,2.0,0.0,2.94,0.2399,6.0,0.0,1.0,0.0,6.0,0.0,2.0,0.0,2.0,0.0,2.0,0.0,6.0,0.0
faces_172_midj_af.jpg,1.0,0.0,2.0,0.0,2.86,0.3505,2.98,0.1414,2.0,0.0,3.0,0.0,1.0,0.0,3.0,0.0,1.12,0.3283,3.0,0.0,3.0,0.0,6.0,0.0,2.0,0.0,6.0,0.0,3.0,0.0,2.0,0.0,2.0,0.0,6.0,0.0
faces_172_midj_as.jpg,1.0,0.0,2.0,0.0,3.0,0.0,3.0,0.0,2.0,0.0,2.0,0.0,1.0,0.0,2.0,0.0,2.0,0.0,3.0,0.0,3.0,0.0,6.0,0.0,2.0,0.0,5.96,0.1979,3.18,0.3881,2.0,0.0,2.02,0.1414,5.0,0.0
faces_172_midj_euna.jpg,1.0,0.0,2.0,0.0,3.0,0.0,2.94,0.2399,1.36,0.4849,3.0,0.0,1.0,0.0,3.0,0.0,1.04,0.1979,3.0,0.0,3.0,0.0,6.0,0.0,2.0,0.0,6.0,0.0,3.0,0.0,2.0,0.0,2.0,0.0,6.0,0.0
faces_172_midj_sa.jpg,1.0,0.0,2.0,0.0,3.0,0.0,3.0,0.0,2.0,0.0,3.0,0.0,1.0,0.0,2.78,0.4185,2.0,0.0,3.0,0.0,3.0,0.0,6.0,0.0,2.0,0.0,6.0,0.0,3.0,0.0,2.0,0.0,2.0,0.0,6.0,0.0
faces_363_v_midj.jpg,1.0,0.0,2.0,0.0,5.9,0.303,2.0,0.0,1.0,0.0,6.0,0.0,1.08,0.274,6.0,0.0,2.0,0.0,2.0,0.0,5.98,0.1414,6.0,0.0,2.0,0.0,7.0,0.0,2.0,0.0,4.02,0.1414,2.0,0.0,7.0,0.0
maps330_midj.jpg,1.0,0.0,6.0,0.0,1.02,0.1414,1.0,0.0,1.0,0.0,7.0,0.0,1.0,0.0,6.1,0.303,1.0,0.0,1.0,0.0,2.0,0.0,7.0,0.0,1.0,0.0,7.0,0.0,1.0,0.0,6.0,0.0,1.0,0.0,7.0,0.0
maps330_midj_af.jpg,1.0,0.0,6.0,0.0,2.0,0.0,1.0,0.0,1.0,0.0,7.0,0.0,1.0,0.0,6.0,0.0,1.0,0.0,1.02,0.1414,2.0,0.0,7.0,0.0,1.0,0.0,7.0,0.0,1.0,0.0,6.0,0.0,1.0,0.0,7.0,0.0
maps330_midj_as.jpg,1.0,0.0,2.12,0.3283,1.02,0.1414,1.0,0.0,1.0,0.0,7.0,0.0,2.0,0.0,6.0,0.0,1.0,0.0,1.04,0.1979,2.0,0.0,6.0,0.0,1.0,0.0,7.0,0.0,1.0,0.0,6.0,0.0,1.0,0.0,7.0,0.0
maps330_midj_euna.jpg,1.0,0.0,2.66,0.4785,1.0,0.0,1.0,0.0,1.0,0.0,7.0,0.0,1.76,0.4314,6.0,0.0,1.0,0.0,1.26,0.4431,1.36,0.4849,6.0,0.0,1.0,0.0,7.0,0.0,1.0,0.0,5.98,0.1414,1.0,0.0,7.0,0.0
maps330_midj_sa.jpg,1.0,0.0,6.0,0.0,1.02,0.1414,1.0,0.0,1.0,0.0,7.0,0.0,1.0,0.0,6.1,0.303,1.0,0.0,1.0,0.0,2.0,0.0,7.0,0.0,1.0,0.0,7.0,0.0,1.0,0.0,6.0,0.0,1.0,0.0,7.0,0.0
miserable_pose_3_midj_af.jpg,1.0,0.0,2.04,0.1979,1.0,0.0,2.0,0.0,1.0,0.0,6.0,0.0,1.0,0.0,5.0,0.0,1.0,0.0,2.0,0.0,2.0,0.0,6.0,0.0,1.0,0.0,6.94,0.2399,1.54,0.5035,2.0,0.0,1.02,0.1414,6.22,0.4185
miserable_pose_3_midj_as.jpg,1.0,0.0,2.0,0.0,3.0,0.0,2.0,0.0,2.0,0.0,3.0,0.0,1.12,0.3283,3.0,0.0,2.0,0.0,3.0,0.0,3.18,0.3881,6.0,0.0,2.0,0.0,6.0,0.0,5.0,0.0,2.0,0.0,2.0,0.0,5.96,0.1979
miserable_pose_3_midj_euna.jpg,1.0,0.0,2.0,0.0,1.0,0.0,2.0,0.0,1.0,0.0,6.0,0.0,1.0,0.0,6.0,0.0,1.0,0.0,2.0,0.0,2.0,0.0,6.98,0.1414,1.0,0.0,7.0,0.0,1.0,0.0,3.88,1.1183,1.0,0.0,7.0,0.0
miserable_pose_3_midj_sa.jpg,1.0,0.0,2.0,0.0,3.0,0.0,2.0,0.0,2.0,0.0,4.0,0.0,2.0,0.0,4.0,0.0,1.08,0.274,2.02,0.1414,5.0,0.0,6.0,0.0,2.0,0.0,6.0,0.0,2.0,0.0,2.12,0.3283,2.0,0.0,6.0,0.0
miserablepose3_midj.jpg,1.0,0.0,2.0,0.0,1.0,0.0,2.0,0.0,1.0,0.0,6.0,0.0,1.0,0.0,6.0,0.0,1.0,0.0,2.0,0.0,2.0,0.0,6.98,0.1414,1.0,0.0,7.0,0.0,1.0,0.0,3.88,1.1183,1.0,0.0,7.0,0.0
