image,happiness_Mean,happiness_Std,surprise_Mean,surprise_Std,sadness_Mean,sadness_Std,anger_Mean,anger_Std,disgust_Mean,disgust_Std,fear_Mean,fear_Std,emotional valence_Mean,emotional valence_Std,arousal_Mean,arousal_Std
1019,1.0,0.0,5.9,1.5152,2.0,0.4949,1.98,0.5147,6.98,0.2466,7.0,0.2857,2.08,0.4445,6.84,0.4677
1022,1.0,0.0,5.04,1.5644,1.08,0.274,3.92,1.8277,6.92,0.274,7.92,0.274,1.84,0.3703,7.28,0.4536
1030,1.08,0.274,4.8,1.2778,1.38,0.4903,2.32,0.5511,5.58,0.5746,7.02,0.1414,2.44,0.5014,6.58,0.4986
1040,1.0,0.0,6.52,0.8389,1.24,0.4314,3.7,1.7291,6.3,0.6145,7.28,0.4536,1.98,0.2466,6.98,0.3188
1050,1.0,0.0,7.56,0.5406,1.0,0.0,7.86,0.3505,6.98,0.3188,7.92,0.274,1.28,0.4536,7.92,0.274
1051,1.0,0.0,7.44,0.5406,1.0,0.0,7.82,0.3881,7.02,0.2466,7.94,0.2399,1.48,0.5047,7.82,0.3881
1052,1.0,0.0,7.58,0.5379,1.0,0.0,7.82,0.3881,6.98,0.2466,7.98,0.1414,1.54,0.5035,7.92,0.274
1070,1.54,0.5035,5.1,1.2495,1.48,0.5047,2.14,0.3505,6.04,0.6987,6.96,0.1979,2.84,0.4219,6.78,0.4647
1080,1.0,0.0,4.76,1.4507,1.2,0.4041,2.36,0.598,6.3,0.5803,7.24,0.4314,2.04,0.1979,6.98,0.3188
1090,1.0,0.0,4.96,1.4136,1.2,0.4041,4.28,1.841,6.46,0.5035,7.06,0.2399,1.96,0.2828,6.94,0.3136
1101,1.76,0.4314,4.76,1.0012,1.84,0.3703,1.92,0.274,6.12,0.5206,6.76,0.4314,3.04,0.3476,5.34,0.6581
1110,1.0,0.0,4.8,1.2778,1.28,0.4536,3.24,1.4507,5.78,0.6158,7.04,0.1979,2.14,0.3505,6.94,0.3136
1111,1.0,0.0,7.86,0.3505,1.84,0.3703,2.1,0.4165,7.92,0.274,7.92,0.274,1.92,0.274,7.82,0.3881
1112,1.94,0.2399,7.12,0.4352,1.86,0.3505,2.86,0.7001,6.7,0.4629,7.0,0.202,2.72,0.4536,7.0,0.2857
1113,1.0,0.0,6.8,0.5345,1.28,0.4536,3.24,1.4507,6.44,0.5014,7.02,0.1414,2.02,0.1414,6.98,0.3188
1120,1.0,0.0,7.02,1.0971,1.04,0.1979,7.68,0.7939,7.06,0.2399,7.92,0.274,1.34,0.4785,7.78,0.4185
1121,3.2,0.6389,3.04,0.8562,1.2,0.4041,1.22,0.4185,3.62,0.5675,2.96,0.402,5.0,0.0,3.58,0.5379
1200,1.2,0.4041,4.7,1.0351,1.7,0.4629,2.02,0.1414,6.5,0.5051,6.98,0.1414,2.66,0.4785,6.78,0.4647
1201,2.0,0.0,6.9,0.4165,1.34,0.4785,2.06,0.2399,6.86,0.3505,7.0,0.0,3.0,0.3499,6.94,0.3136
1220,1.0,0.0,4.64,1.4535,1.32,0.4712,1.88,0.3283,6.98,0.2466,6.98,0.2466,2.06,0.2399,6.7,0.6468
1230,1.86,0.3505,3.58,0.7584,1.8,0.4041,1.96,0.1979,5.64,0.5628,5.58,0.5746,3.06,0.4243,4.34,0.7722
1240,1.88,0.3283,3.58,0.8104,1.72,0.4536,1.88,0.3283,5.24,0.5175,6.02,0.6224,3.32,0.5511,4.34,0.7722
1270,1.0,0.0,3.28,0.8581,1.38,0.4903,2.5,0.544,7.74,0.4431,6.94,0.2399,1.92,0.274,6.8,0.5345
1274,1.0,0.0,2.52,0.5436,1.76,0.4314,2.48,0.5436,7.92,0.274,6.98,0.2466,1.76,0.4314,6.76,0.5555
1275,1.0,0.0,3.54,0.8381,1.76,0.4314,2.72,0.5729,7.92,0.274,7.04,0.1979,1.74,0.4431,6.9,0.4165
1280,1.0,0.0,2.62,0.6354,3.16,0.9116,2.18,0.3881,7.2,0.4041,6.92,0.274,1.74,0.4431,6.76,0.5555
1300,1.0,0.0,3.42,1.401,1.0,0.0,8.06,0.2399,7.0,0.2857,7.94,0.2399,1.04,0.1979,7.98,0.1414
1301,1.22,0.4185,3.02,1.2856,1.48,0.5047,7.98,0.1414,6.02,0.8204,7.2,0.4949,1.6,0.4949,7.96,0.1979
1302,1.0,0.0,2.12,0.4798,1.26,0.4431,7.98,0.1414,4.88,1.0428,7.24,0.4764,1.72,0.4536,7.92,0.274
1303,4.34,1.6856,6.86,0.4953,1.6,0.4949,5.4,1.666,2.44,0.5406,5.34,1.1886,4.86,1.0882,6.98,0.3188
1310,1.0,0.0,2.44,0.7329,3.02,1.0971,4.76,1.8357,7.88,0.3283,7.24,0.4764,1.38,0.4903,7.92,0.274
1313,2.14,0.3505,7.74,0.4431,2.16,0.5841,3.44,1.473,5.52,0.9089,6.44,0.7329,4.38,0.6024,6.62,0.5675
1321,1.0,0.0,4.72,1.7501,1.0,0.0,8.06,0.2399,5.4,1.1249,8.0,0.0,1.42,0.4986,8.0,0.0
1340,7.06,0.2399,2.14,0.3505,1.8,0.4041,1.08,0.274,1.84,0.3703,1.82,0.3881,7.2,0.4041,4.84,0.6809
1390,3.06,0.7117,2.3,0.4629,1.28,0.4536,2.14,0.3505,4.02,0.5529,4.36,0.598,4.88,0.3854,3.84,0.6503
1440,7.0,0.2857,2.3,0.4629,2.32,0.5127,1.0,0.0,1.0,0.0,1.88,0.3283,8.04,0.1979,3.1,0.5051
1450,3.48,0.7351,1.94,0.4243,2.28,0.4536,1.1,0.303,1.04,0.1979,1.9,0.303,5.34,0.5928,2.72,0.4536
1460,6.96,0.3476,3.24,0.8935,2.18,0.3881,1.26,0.4431,1.0,0.0,2.6,0.6389,7.98,0.1414,4.22,0.5817
1463,8.0,0.0,2.44,0.5406,1.12,0.3283,1.04,0.1979,1.0,0.0,1.1,0.303,8.06,0.2399,5.38,0.8545
1500,3.86,0.6704,1.84,0.3703,3.88,0.8953,1.72,0.4536,1.0,0.0,1.96,0.1979,6.3,0.6145,3.22,0.5067
1510,6.78,0.4647,1.96,0.2828,1.9,0.4165,1.94,0.3731,1.28,0.4536,2.04,0.1979,6.86,0.3505,4.48,0.6465
1540,5.62,0.8781,2.04,0.4499,2.18,0.3881,1.74,0.4431,1.0,0.0,1.94,0.2399,7.04,0.1979,3.72,0.6713
1560,2.14,0.4522,6.2,1.2122,1.22,0.4185,4.44,1.728,1.8,0.4041,6.88,0.3854,5.66,0.8947,7.62,0.4903
1590,3.74,0.7775,1.84,0.3703,2.72,0.757,1.86,0.3505,1.92,0.274,2.0,0.0,5.16,0.4219,2.64,0.4849
1600,5.28,0.701,1.24,0.4314,2.02,0.1414,1.56,0.5014,1.0,0.0,1.86,0.3505,6.92,0.274,2.72,0.4536
1601,7.1,0.303,2.02,0.1414,1.04,0.1979,1.0,0.0,1.04,0.1979,1.34,0.4785,7.94,0.2399,3.96,0.4499
1602,7.92,0.274,3.38,0.753,1.34,0.4785,1.0,0.0,1.0,0.0,1.08,0.274,7.98,0.1414,5.34,0.6581
1603,7.94,0.2399,2.66,0.5194,1.06,0.2399,1.0,0.0,1.0,0.0,1.18,0.3881,7.98,0.1414,5.42,0.6417
1604,7.88,0.3283,3.08,0.5284,1.86,0.3505,1.0,0.0,1.0,0.0,1.04,0.1979,7.98,0.1414,4.9,0.5051
1610,6.58,0.4986,3.34,1.0616,2.06,0.2399,1.0,0.0,1.04,0.1979,2.24,0.4314,7.1,0.303,3.08,0.3959
1616,1.12,0.3283,7.94,0.4243,1.26,0.4431,7.9,0.4629,7.6,0.4949,7.62,0.4903,1.96,0.6047,7.9,0.303
1620,4.42,0.6417,1.54,0.5035,2.02,0.1414,1.0,0.0,1.04,0.1979,2.18,0.3881,6.06,0.6518,2.86,0.3505
1640,2.14,0.3505,2.18,0.3881,2.14,0.3505,2.14,0.3505,2.0,0.0,4.0,0.5345,4.98,0.1414,4.5,0.544
1650,3.32,0.7126,4.06,1.1502,1.54,0.5035,2.1,0.303,1.0,0.0,6.32,0.6833,6.08,0.8291,6.02,0.6848
1660,1.86,0.3505,2.0,0.4518,3.18,0.919,5.94,1.2357,3.02,0.6543,6.64,0.5628,4.6,0.5345,4.38,0.8053
1670,4.36,0.6312,1.94,0.3136,2.18,0.3881,1.96,0.1979,2.02,0.1414,2.0,0.0,5.0,0.0,2.64,0.4849
1710,7.98,0.1414,2.28,0.4965,1.86,0.3505,1.0,0.0,1.0,0.0,1.2,0.4041,8.26,0.4431,6.0,0.7559
1720,4.28,1.0887,1.88,0.3283,2.4,0.5714,2.18,0.3881,1.3,0.4629,4.98,1.1692,6.76,0.4314,4.2,0.6061
1721,6.72,0.4965,2.38,0.4903,1.88,0.3283,2.02,0.1414,1.0,0.0,3.9,0.8864,7.06,0.2399,4.56,0.7602
1722,5.9,1.0351,1.96,0.3476,2.46,0.5789,1.48,0.5047,1.0,0.0,2.06,0.2399,7.86,0.3505,3.48,0.6773
1740,3.58,0.7584,6.82,0.5602,2.34,0.5194,1.48,0.5047,1.8,0.4041,2.18,0.3881,6.06,0.7669,4.38,0.6024
1750,7.08,0.274,2.14,0.3505,1.26,0.4431,1.0,0.0,1.1,0.303,1.1,0.303,7.96,0.1979,3.14,0.4522
1810,4.8,0.8081,2.48,0.5436,2.16,0.4219,2.14,0.3505,3.18,0.5956,3.24,0.6565,5.06,0.2399,3.06,0.3731
1811,7.58,0.5379,4.78,1.6073,1.0,0.0,3.26,1.4401,3.88,0.8953,3.36,1.1739,6.82,0.6908,7.66,0.4785
1812,6.92,0.274,2.02,0.1414,2.0,0.0,1.54,0.5035,1.3,0.4629,2.0,0.0,7.24,0.4314,3.36,0.4849
1850,5.68,0.7407,2.66,0.5194,2.52,0.5436,1.04,0.1979,1.0,0.0,1.8,0.4041,7.62,0.4903,3.74,0.5997
1900,7.28,0.4536,2.96,0.7548,1.24,0.4314,1.0,0.0,1.6,0.4949,1.94,0.2399,7.94,0.2399,4.68,0.7407
1910,5.24,0.9161,2.44,0.5406,1.26,0.4431,1.84,0.3703,2.02,0.1414,2.28,0.4536,6.1,0.7354,4.16,0.5481
1920,7.94,0.2399,3.24,0.6565,1.04,0.1979,1.0,0.0,1.0,0.0,1.0,0.0,8.0,0.0,6.3,0.5803
1930,1.0,0.0,7.74,0.4431,1.0,0.0,7.74,0.4431,6.26,0.6642,7.98,0.1414,1.42,0.4986,7.94,0.2399
1931,1.0,0.0,6.72,0.8581,1.04,0.1979,5.56,2.032,4.62,0.8781,7.96,0.1979,1.96,0.4499,7.82,0.3881
1942,6.92,0.274,2.62,0.5303,1.8,0.4041,1.0,0.0,1.6,0.4949,1.8,0.4041,7.06,0.2399,2.98,0.3774
1945,2.22,0.4647,5.5,1.6194,1.88,0.3854,1.98,0.4734,6.02,0.6224,2.6,0.5345,4.02,0.6848,3.62,0.7253
1999,8.06,0.2399,1.94,0.4243,1.0,0.0,1.0,0.0,1.0,0.0,1.0,0.0,8.36,0.4849,6.44,0.7329
2000,7.98,0.1414,1.54,0.5035,1.0,0.0,1.0,0.0,1.0,0.0,1.0,0.0,8.0,0.0,4.88,0.7461
2010,7.04,0.1979,1.2,0.4041,1.08,0.274,1.0,0.0,1.08,0.274,1.0,0.0,7.6,0.4949,3.42,0.6091
2020,7.98,0.1414,1.18,0.3881,1.0,0.0,1.0,0.0,1.42,0.4986,1.0,0.0,8.0,0.0,4.76,0.8221
2030,8.0,0.0,1.28,0.4536,1.0,0.0,1.0,0.0,1.0,0.0,1.0,0.0,8.0,0.0,4.84,0.6809
2040,7.98,0.1414,1.9,0.3642,1.0,0.0,1.0,0.0,1.0,0.0,1.0,0.0,8.0,0.0,4.72,0.6713
2050,7.86,0.3505,1.76,0.4314,1.0,0.0,1.0,0.0,1.0,0.0,1.0,0.0,7.98,0.1414,4.56,0.7602
2053,1.86,0.3505,3.06,0.8901,7.78,0.4185,1.72,0.4536,2.44,0.5406,5.1,1.2495,3.28,0.6713,7.16,0.5095
2057,6.76,0.5175,2.04,0.402,1.86,0.3505,1.0,0.0,1.0,0.0,1.6,0.4949,7.94,0.2399,2.84,0.4219
2058,6.28,0.6402,4.76,1.4507,1.56,0.5014,1.0,0.0,1.0,0.0,1.54,0.5035,7.98,0.1414,3.56,0.6749
2070,7.82,0.3881,7.28,0.4965,1.0,0.0,1.0,0.0,1.0,0.0,1.34,0.4785,7.98,0.1414,6.76,0.5175
2080,5.52,0.8628,3.76,0.9381,1.9,0.303,1.48,0.5047,1.0,0.0,1.82,0.3881,7.74,0.4431,3.46,0.6764
2091,8.0,0.0,2.06,0.2399,1.0,0.0,1.0,0.0,1.0,0.0,1.0,0.0,8.08,0.274,4.78,0.5817
2092,7.16,0.5841,3.04,0.9026,2.0,0.4949,1.6,0.4949,2.86,0.7001,3.38,0.7253,7.02,0.5147,7.14,0.4522
2100,1.22,0.4185,2.12,0.4798,2.12,0.4798,6.96,0.3476,5.56,1.5539,4.4,1.7843,2.14,0.3505,7.0,0.2857
2110,1.28,0.4536,1.84,0.3703,4.52,1.313,6.88,0.4352,3.12,0.8722,4.86,1.5651,2.64,0.4849,5.78,0.91
2120,1.0,0.0,5.68,1.9213,1.76,0.4314,7.92,0.274,7.22,0.4647,7.86,0.3505,1.26,0.4431,7.96,0.1979
2130,1.1,0.303,3.86,1.6538,1.62,0.4903,7.96,0.1979,7.06,1.6832,7.76,0.7709,1.42,0.4986,8.02,0.1414
2141,1.0,0.0,2.7,1.0926,8.06,0.2399,2.24,0.8704,7.62,0.5303,7.6,0.5714,1.2,0.4041,7.82,0.3881
2150,7.96,0.1979,1.82,0.3881,1.6,0.4949,1.0,0.0,1.08,0.274,1.04,0.1979,8.02,0.1414,2.62,0.5303
2160,7.0,0.2857,1.88,0.3283,1.94,0.2399,1.0,0.0,1.0,0.0,1.22,0.4185,7.96,0.1979,3.22,0.5067
2165,7.98,0.1414,2.08,0.4445,1.0,0.0,1.0,0.0,1.06,0.2399,1.0,0.0,8.0,0.0,4.26,0.8033
2170,7.66,0.4785,1.0,0.0,2.14,0.3505,1.0,0.0,1.0,0.0,1.08,0.274,7.98,0.1414,2.44,0.5014
2190,2.02,0.1414,1.3,0.4629,5.54,0.6131,2.52,0.5436,1.84,0.3703,2.1,0.303,4.4,0.5345,3.06,0.3731
2200,2.04,0.1979,1.38,0.4903,6.22,0.6481,1.88,0.3283,1.48,0.5047,2.02,0.1414,4.4,0.5345,2.9,0.4165
2205,2.0,0.0,1.8,0.4041,7.0,0.2857,1.96,0.1979,2.52,0.5436,2.18,0.3881,2.72,0.4536,2.64,0.4849
2206,1.6,0.4949,1.88,0.3283,1.72,0.4536,1.96,0.1979,2.04,0.1979,2.1,0.303,4.98,0.1414,2.88,0.3854
2208,7.98,0.1414,5.02,1.5971,1.0,0.0,1.42,0.4986,1.28,0.4536,1.24,0.4314,7.86,0.3505,6.98,0.3188
2209,7.06,0.2399,1.76,0.4314,1.92,0.274,1.0,0.0,1.0,0.0,1.0,0.0,7.94,0.2399,3.08,0.3959
2210,2.56,0.5014,1.2,0.4041,4.88,0.7183,2.18,0.3881,1.92,0.274,1.96,0.1979,5.0,0.0,3.02,0.3774
2214,4.5,0.544,1.42,0.4986,2.22,0.4185,1.7,0.4629,1.2,0.4041,1.2,0.4041,5.06,0.2399,3.24,0.5175
2215,3.32,0.5511,1.54,0.5035,2.82,0.7743,2.32,0.5127,2.08,0.5284,1.96,0.1979,5.0,0.0,3.28,0.536
2216,7.98,0.1414,5.72,1.1959,1.0,0.0,1.8,0.4041,1.1,0.303,2.02,0.1414,7.98,0.1414,6.58,0.4986
2220,1.6,0.4949,2.74,1.1572,4.9,1.6194,3.82,1.7343,2.44,1.0721,3.34,1.2056,4.2,0.8081,4.14,1.1068
2221,2.0,0.0,1.1,0.303,4.2,1.088,4.82,1.2887,1.94,0.3136,5.18,0.8965,4.38,0.5675,3.48,0.6773
2230,1.94,0.2399,5.56,1.5539,6.14,0.7827,2.68,0.7677,1.94,0.3136,4.96,1.5774,3.52,0.6141,4.78,1.1119
2240,3.22,0.5067,3.1,0.8864,3.4,0.7559,1.9,0.303,1.06,0.2399,2.14,0.3505,5.14,0.4046,3.22,0.5067
2250,2.92,0.3959,2.1,0.4165,4.48,0.7624,1.94,0.3136,1.22,0.4185,2.18,0.3881,5.04,0.2828,3.22,0.5067
2260,5.7,1.0152,4.42,1.2469,3.34,0.8478,1.84,0.3703,1.22,0.4185,2.06,0.2399,7.06,0.2399,3.98,0.5887
2270,3.24,0.5175,2.0,0.3499,4.54,0.7879,2.02,0.2466,1.1,0.303,2.18,0.3881,5.0,0.0,3.22,0.5067
2271,1.94,0.2399,2.4,0.5714,6.48,0.7624,2.18,0.3881,1.9,0.3642,4.96,1.4136,3.66,0.5573,4.96,1.0872
2276,3.16,0.7384,1.92,0.3959,6.06,0.8668,1.84,0.3703,1.54,0.5035,2.34,0.5194,4.82,0.7197,3.66,0.7174
2280,2.14,0.3505,1.6,0.4949,4.86,0.8809,2.1,0.4165,1.84,0.3703,2.18,0.3881,4.86,0.3505,3.04,0.402
2303,8.0,0.0,2.36,0.5628,1.0,0.0,1.38,0.4903,1.0,0.0,1.0,0.0,8.06,0.2399,7.98,0.1414
2304,7.92,0.274,1.42,0.4986,1.0,0.0,1.0,0.0,1.0,0.0,1.0,0.0,7.98,0.1414,4.1,0.5803
2310,7.08,0.274,1.36,0.4849,1.84,0.3703,1.0,0.0,1.0,0.0,1.0,0.0,7.98,0.1414,2.9,0.4165
2311,7.82,0.3881,1.24,0.4314,1.42,0.4986,1.0,0.0,1.0,0.0,1.0,0.0,8.0,0.0,2.96,0.4499
2312,3.56,0.6115,4.88,1.272,5.34,0.7722,1.8,0.4041,1.26,0.4431,3.88,0.8953,5.64,0.7494,3.72,0.6074
2320,4.38,0.6024,1.26,0.4431,3.26,0.8992,1.24,0.4314,1.1,0.303,1.88,0.3283,5.16,0.4219,2.64,0.4849
2331,7.0,0.2857,2.18,0.3881,1.2,0.4041,1.0,0.0,1.0,0.0,1.42,0.4986,7.92,0.274,3.48,0.5436
2340,8.0,0.0,2.06,0.2399,1.0,0.0,1.0,0.0,1.0,0.0,1.0,0.0,8.02,0.1414,5.88,0.6893
2341,7.74,0.4431,4.04,0.9681,1.0,0.0,1.0,0.0,1.0,0.0,1.04,0.1979,7.98,0.1414,6.28,0.6074
2344,8.0,0.0,2.02,0.3188,1.0,0.0,1.0,0.0,1.26,0.4431,1.0,0.0,8.06,0.2399,7.0,0.2857
2345,8.0,0.0,2.18,0.3881,1.0,0.0,1.0,0.0,1.0,0.0,1.0,0.0,8.02,0.1414,6.5,0.5051
2351,6.96,0.3476,1.28,0.4536,1.9,0.3642,1.0,0.0,1.98,0.1414,1.1,0.303,7.88,0.3283,2.52,0.5436
2352,8.0,0.0,7.14,0.4953,1.0,0.0,1.0,0.0,1.0,0.0,1.1,0.303,8.06,0.2399,6.26,0.6642
2360,6.96,0.2828,1.1,0.303,3.48,1.1648,1.0,0.0,1.0,0.0,1.08,0.274,7.28,0.4536,2.66,0.4785
2370,7.88,0.3283,1.72,0.4536,1.04,0.1979,1.0,0.0,1.0,0.0,1.0,0.0,7.94,0.2399,4.2,0.6061
2372,2.0,0.0,6.46,0.8381,3.52,0.8142,4.32,1.3005,2.08,0.4445,3.12,1.0622,4.02,0.4734,4.5,0.7626
2381,3.68,0.7126,2.0,0.3499,3.42,0.7848,2.1,0.303,1.96,0.1979,2.14,0.3505,4.8,0.4518,4.42,0.6417
2383,3.3,0.7354,1.84,0.3703,5.92,1.0467,2.02,0.4281,1.38,0.4903,1.94,0.2399,4.38,0.6024,3.72,0.6713
2385,2.76,0.6247,1.42,0.4986,6.48,0.7624,1.84,0.3703,1.6,0.4949,2.22,0.4185,5.06,0.7398,4.92,1.0069
2389,7.06,0.2399,1.94,0.3136,1.2,0.4041,1.86,0.3505,1.88,0.3283,1.38,0.4903,7.6,0.4949,6.88,0.3854
2391,7.94,0.2399,2.24,0.4314,1.0,0.0,1.0,0.0,1.74,0.4431,1.24,0.4314,7.98,0.1414,4.76,0.5175
2410,2.02,0.1414,1.88,0.3854,3.86,0.7562,2.0,0.0,1.0,0.0,2.02,0.1414,3.36,0.4849,3.74,0.6328
2440,2.88,0.3854,1.08,0.274,4.46,0.5789,3.48,0.6773,1.36,0.4849,2.0,0.0,4.98,0.1414,3.24,0.4764
2480,3.14,0.4522,1.94,0.2399,5.08,0.3959,1.72,0.4536,1.1,0.303,2.1,0.303,4.7,0.4629,2.86,0.3505
2485,3.78,0.5817,2.02,0.1414,4.06,0.6518,2.0,0.0,1.6,0.4949,2.0,0.0,5.1,0.3642,4.36,0.598
2487,4.76,0.6869,1.84,0.3703,3.2,0.6061,2.0,0.0,1.98,0.1414,1.42,0.4986,5.06,0.2399,3.96,0.4499
2490,2.02,0.1414,1.94,0.2399,5.86,0.4953,2.02,0.1414,3.72,0.7296,2.02,0.1414,3.1,0.303,2.86,0.3505
2495,3.62,0.5303,1.2,0.4041,4.38,0.6024,2.74,0.5646,1.72,0.4536,1.96,0.1979,4.92,0.274,3.06,0.3731
2500,6.98,0.2466,1.84,0.3703,1.76,0.4314,1.0,0.0,1.28,0.4536,1.2,0.4041,7.28,0.4536,2.74,0.487
2501,7.98,0.1414,1.96,0.1979,1.0,0.0,1.0,0.0,1.0,0.0,1.0,0.0,8.0,0.0,5.4,0.6061
2510,7.06,0.2399,1.38,0.4903,1.24,0.4314,1.0,0.0,1.04,0.1979,1.0,0.0,7.82,0.3881,3.42,0.6091
2514,4.02,0.6224,2.44,0.5014,2.4,0.4949,1.84,0.3703,2.4,0.4949,2.02,0.1414,5.0,0.0,3.08,0.3405
2515,5.38,0.7253,1.96,0.1979,2.0,0.0,1.72,0.4536,1.82,0.3881,1.22,0.4185,6.44,0.5014,3.78,0.5817
2516,6.7,0.4629,1.2,0.4041,1.86,0.3505,1.0,0.0,1.36,0.4849,1.04,0.1979,6.96,0.2828,3.42,0.6091
2518,4.96,0.6047,1.84,0.3703,3.36,0.6312,1.38,0.4903,1.84,0.3703,1.9,0.303,5.2,0.4518,2.6,0.4949
2520,2.64,0.4849,1.36,0.4849,6.24,0.5555,1.92,0.274,1.96,0.1979,2.06,0.2399,3.54,0.5035,2.24,0.4314
2530,8.0,0.0,1.84,0.3703,1.0,0.0,1.0,0.0,1.0,0.0,1.0,0.0,8.04,0.1979,4.5,0.544
2540,5.92,1.2262,1.0,0.0,5.68,1.2526,1.0,0.0,1.0,0.0,1.38,0.4903,7.82,0.3881,2.7,0.5803
2550,7.98,0.1414,1.34,0.4785,1.0,0.0,1.0,0.0,1.0,0.0,1.0,0.0,8.18,0.3881,3.38,0.7796
2560,6.12,0.4798,1.96,0.1979,2.22,0.4185,1.82,0.3881,1.36,0.4849,1.74,0.4431,6.44,0.5014,4.02,0.4734
2570,2.0,0.0,1.26,0.4431,4.86,1.0692,5.32,1.1683,2.18,0.3881,2.44,0.5406,4.02,0.4734,3.66,0.5928
2575,2.56,0.5014,1.88,0.3283,3.34,0.8478,2.06,0.3731,1.82,0.3881,1.9,0.303,4.68,0.5127,4.1,0.5803
2580,3.66,0.5194,1.76,0.4314,3.86,0.6704,1.94,0.2399,1.26,0.4431,1.76,0.4314,4.98,0.1414,3.06,0.3731
2590,4.14,0.4953,1.72,0.4536,4.54,0.7879,1.28,0.4536,1.94,0.2399,1.84,0.3703,5.16,0.4219,2.96,0.1979
2600,5.78,0.6158,2.18,0.3881,2.04,0.1979,2.0,0.0,1.94,0.2399,1.38,0.4903,5.74,0.5997,3.62,0.5303
2616,2.14,0.3505,3.94,1.4057,3.5,1.1824,3.78,1.4609,2.24,0.5555,5.4,1.1952,4.36,0.6312,7.62,0.4903
2620,3.98,0.5887,1.96,0.2828,3.62,0.753,1.86,0.3505,1.04,0.1979,2.0,0.0,6.08,0.7239,4.14,0.6392
2630,3.92,0.5657,1.42,0.4986,2.48,0.5436,1.86,0.3505,1.0,0.0,1.24,0.4314,5.6,0.6701,4.38,0.6024
2650,5.62,1.0079,3.18,0.9409,2.66,0.7453,1.88,0.3854,1.56,0.5014,1.88,0.3283,7.0,0.2857,4.36,0.598
2655,7.78,0.4185,2.18,0.3881,1.26,0.4431,1.0,0.0,1.04,0.1979,1.72,0.4536,7.98,0.1414,3.54,0.5035
2660,7.98,0.1414,7.14,0.4953,1.0,0.0,1.0,0.0,1.04,0.1979,1.04,0.1979,7.98,0.1414,5.82,0.8254
2661,1.34,0.4785,6.56,1.8088,5.3,1.6568,2.3,0.9313,5.8,1.0498,3.9,1.488,3.38,0.7796,7.66,0.4785
2681,1.08,0.274,2.88,0.799,1.42,0.4986,5.02,1.1516,1.24,0.4314,6.84,0.3703,3.94,0.5859,7.0,0.2857
2682,1.06,0.2399,1.84,0.4219,1.56,0.5014,4.8,0.9476,1.96,0.1979,6.44,0.5014,3.06,0.3731,5.56,0.8369
2690,1.0,0.0,2.72,0.6074,3.34,0.8478,6.44,0.7602,3.66,0.7174,7.06,0.2399,1.84,0.3703,7.0,0.2857
2691,1.04,0.1979,3.82,1.3045,3.4,0.7825,7.94,0.2399,3.4,0.7825,6.98,0.3188,1.84,0.3703,7.98,0.1414
2692,1.0,0.0,7.78,0.4185,1.84,0.3703,3.68,1.5178,1.94,0.3136,7.98,0.1414,1.22,0.4185,7.98,0.1414
2700,4.16,0.9116,2.98,0.8687,2.6,0.6701,4.18,1.3952,2.08,0.5284,2.26,0.487,4.66,0.7174,6.04,0.7548
2702,4.1,0.5803,1.88,0.3283,1.96,0.2828,1.38,0.4903,2.12,0.4798,1.04,0.1979,5.36,0.6312,3.88,0.6273
2710,3.38,0.6354,1.2,0.4041,5.16,0.9765,1.84,0.3703,2.22,0.6481,1.86,0.3505,4.66,0.5194,2.66,0.5194
2720,1.22,0.4185,2.3,0.9949,3.3,0.9313,2.78,1.2171,6.8,0.4949,2.22,0.4185,2.08,0.5284,3.78,1.4609
2722,1.04,0.1979,1.72,0.4536,7.04,0.1979,4.84,0.7656,2.8,0.5345,5.72,0.8091,2.0,0.0,3.82,0.6908
2730,2.14,0.6064,1.32,0.4712,7.6,0.5714,1.42,0.4986,2.08,0.5284,2.0,0.4518,3.48,1.8097,2.98,0.8919
2749,2.14,0.3505,2.6,0.6701,5.8,0.6389,3.46,0.8134,2.18,0.3881,2.24,0.4314,3.6,0.4949,3.22,0.5067
2750,2.0,0.0,1.2,0.4041,7.1,0.303,2.18,0.3881,6.24,0.6247,2.0,0.0,2.02,0.1414,3.08,0.5284
2751,1.92,0.274,1.94,0.4243,4.0,0.9258,3.06,0.7931,6.26,0.6642,7.04,0.402,1.6,0.4949,3.36,0.802
2752,2.0,0.0,1.3,0.4629,6.76,0.4314,2.18,0.3881,2.48,0.5436,2.0,0.0,2.18,0.3881,3.18,0.6289
2753,2.66,0.5194,1.2,0.4041,3.82,0.9409,1.74,0.4431,2.82,0.8965,1.74,0.4431,4.44,0.6115,3.16,0.6503
2791,7.86,0.3505,4.9,0.953,1.26,0.4431,1.04,0.1979,1.0,0.0,1.42,0.4986,7.92,0.274,6.58,0.4986
2800,1.0,0.0,1.94,0.3136,8.06,0.2399,1.94,0.4243,3.84,1.4896,4.2,1.1952,1.74,0.4431,7.44,0.5406
2810,1.28,0.4536,3.66,1.7683,2.58,1.4859,7.82,0.3881,2.9,1.488,6.44,1.8969,1.36,0.4849,7.98,0.1414
2830,2.0,0.0,2.92,1.066,5.96,0.8071,1.96,0.2828,1.2,0.4041,5.64,1.2739,4.62,0.5303,6.38,0.7796
2840,2.4,0.4949,1.56,0.5014,5.0,0.8571,1.94,0.2399,1.0,0.0,2.04,0.1979,4.92,0.274,3.42,0.6091
2850,4.46,1.3881,3.32,1.5576,2.08,0.4445,1.76,0.4764,2.8,0.833,1.88,0.3283,5.08,0.6952,3.86,0.7562
2870,6.94,0.3136,1.88,0.3283,1.88,0.3283,1.74,0.4431,1.84,0.3703,1.08,0.274,6.94,0.2399,5.34,0.6581
2880,2.9,0.7626,3.24,0.8935,4.04,1.1058,2.12,0.4798,1.84,0.3703,2.92,0.6952,4.98,0.1414,3.22,0.5817
2890,2.68,0.4712,2.84,0.8889,3.16,0.7384,2.92,0.6007,2.0,0.0,2.18,0.3881,4.98,0.1414,4.56,0.644
2900,8.0,0.0,2.14,0.6064,1.0,0.0,1.0,0.0,1.0,0.0,1.04,0.1979,8.18,0.3881,7.14,0.4522
3000,1.0,0.0,1.96,1.1058,7.92,0.4882,1.86,0.5349,9.0,0.0,8.82,0.3881,1.0,0.0,8.92,0.274
3010,1.0,0.0,4.56,1.8969,7.58,0.5379,2.12,0.5938,8.44,0.5014,8.04,0.2828,1.0,0.0,8.08,0.4445
3015,1.0,0.0,5.96,1.7257,8.46,0.5035,6.8,1.069,8.98,0.1414,8.88,0.3283,1.0,0.0,8.64,0.5253
3022,1.04,0.1979,8.08,0.5284,2.08,0.4445,7.24,1.5722,2.5,0.5803,8.04,0.2828,1.08,0.274,8.56,0.5014
3030,1.0,0.0,1.58,0.6091,8.22,0.5067,1.58,0.5379,8.46,0.5035,8.22,0.5067,1.0,0.0,8.26,0.487
3051,1.0,0.0,2.18,1.2567,7.98,0.3774,2.0,0.4949,8.82,0.3881,8.12,0.3854,1.0,0.0,8.44,0.5406
3053,1.0,0.0,2.36,1.2081,7.96,0.402,1.56,0.5014,9.0,0.0,8.16,0.4219,1.0,0.0,8.58,0.5379
3060,1.0,0.0,4.82,2.6084,8.18,0.5602,2.12,0.5938,9.0,0.0,8.98,0.1414,1.0,0.0,8.94,0.2399
3061,1.0,0.0,5.62,2.2305,7.9,0.4629,3.58,1.7967,8.08,0.274,8.0,0.202,1.0,0.0,7.98,0.3774
3062,1.0,0.0,2.38,1.2103,8.02,0.5887,1.7,0.4629,9.0,0.0,8.42,0.4986,1.0,0.0,8.82,0.4375
3063,1.0,0.0,4.26,1.7935,8.68,0.4712,4.28,1.6293,9.0,0.0,8.88,0.3283,1.0,0.0,8.48,0.6465
3064,1.0,0.0,3.24,1.7328,8.82,0.3881,6.5,1.8434,9.0,0.0,8.86,0.3505,1.0,0.0,8.76,0.4764
3071,1.0,0.0,3.12,1.4518,7.18,0.6289,2.76,0.8221,8.8,0.4041,8.04,0.2828,1.0,0.0,8.34,0.5194
3080,1.0,0.0,4.8,1.7143,6.06,1.2022,2.12,0.4798,8.02,0.1414,7.92,0.274,1.0,0.0,8.04,0.2828
3100,1.0,0.0,2.46,1.2811,8.92,0.274,1.98,0.5147,9.0,0.0,8.68,0.4712,1.0,0.0,8.88,0.3283
3102,1.0,0.0,2.4,1.178,8.02,0.4281,2.96,1.1058,8.76,0.4314,8.2,0.4041,1.0,0.0,8.46,0.5425
3110,1.0,0.0,2.84,0.9553,7.92,0.274,2.16,0.4219,8.76,0.4314,7.92,0.274,1.0,0.0,8.26,0.487
3120,1.0,0.0,1.98,0.5887,8.04,0.402,2.12,0.5938,8.76,0.4314,8.26,0.487,1.0,0.0,8.54,0.5425
3130,1.0,0.0,2.36,1.2081,7.96,0.402,2.0,0.4949,8.82,0.3881,8.28,0.4965,1.0,0.0,8.44,0.5406
3140,1.0,0.0,2.88,0.9613,7.66,0.4785,1.96,0.402,8.06,0.2399,7.92,0.274,1.0,0.0,8.16,0.4219
3150,1.0,0.0,5.42,1.7507,5.5,1.4604,2.78,0.8154,8.88,0.3283,7.98,0.1414,1.0,0.0,8.24,0.4764
3160,1.08,0.274,2.62,1.4831,7.1,1.6812,7.68,1.1856,7.18,0.5956,2.24,1.0412,1.78,0.7637,4.4,1.7613
3168,1.0,0.0,1.96,1.1058,8.44,0.5406,2.1,0.953,8.94,0.2399,8.58,0.5379,1.0,0.0,8.88,0.3283
3170,1.0,0.0,7.5,1.6933,8.86,0.3505,1.84,0.4219,8.98,0.1414,8.64,0.5253,1.0,0.0,8.98,0.1414
3180,2.4,0.4949,1.88,0.4352,4.82,1.1551,2.12,0.4798,2.22,0.6481,2.18,0.5602,4.38,0.6024,2.96,0.4499
3181,1.04,0.1979,2.6,0.6701,7.82,0.3881,5.0,1.6288,6.96,0.3476,7.74,0.4431,1.8,0.4041,7.62,0.4903
3190,1.0,0.0,2.12,0.5206,5.78,1.0359,2.46,0.5789,7.0,0.2857,5.1,1.2495,1.84,0.3703,1.76,0.4764
3210,1.88,0.3283,1.84,0.3703,2.48,0.5436,1.34,0.4785,5.7,0.9742,3.86,0.8574,3.12,0.4798,6.7,0.544
3220,2.52,0.5436,1.96,0.2828,5.7,0.7626,2.02,0.1414,2.52,0.5436,2.46,0.5035,3.74,0.5272,4.02,0.8449
3230,1.0,0.0,1.1,0.303,7.34,0.4785,1.22,0.4185,3.08,0.7783,4.8,1.4286,2.0,0.0,2.06,0.2399
3250,1.0,0.0,3.8,1.4708,3.46,1.0539,1.8,0.4041,7.82,0.3881,6.24,0.8935,1.08,0.274,7.4,0.5714
3261,1.0,0.0,3.88,1.6117,7.94,0.2399,2.12,0.4798,8.26,0.4431,7.98,0.1414,1.0,0.0,8.06,0.4699
3266,1.0,0.0,4.16,1.7884,8.8,0.4041,1.92,0.4445,8.56,0.5014,8.08,0.3405,1.0,0.0,8.72,0.4965
3280,1.72,0.4536,3.56,1.4309,4.14,1.3704,2.7,0.9742,5.34,1.1886,6.52,0.8389,2.68,0.5127,6.18,0.7197
3300,2.18,0.3881,2.36,0.5628,6.2,0.6701,2.18,0.3881,1.76,0.4314,3.52,0.7887,3.66,0.5194,3.9,0.7071
3301,1.0,0.0,4.42,1.6299,7.62,0.4903,2.18,0.3881,6.96,0.3476,7.74,0.4431,1.2,0.4041,7.92,0.274
3350,1.2,0.4041,3.56,1.4868,8.06,0.2399,1.84,0.3703,4.34,1.5858,5.36,1.6005,1.34,0.4785,7.7,0.5051
3400,1.0,0.0,3.92,1.5628,7.04,0.9467,1.94,0.4243,8.68,0.4712,7.92,0.274,1.0,0.0,8.4,0.5345
3500,1.0,0.0,4.68,1.8565,6.48,0.7624,7.48,0.5047,2.48,0.5436,7.94,0.2399,1.76,0.4314,7.88,0.3283
3530,1.0,0.0,7.26,1.5754,4.82,1.7225,7.82,0.3881,7.98,0.1414,7.98,0.1414,1.0,0.0,7.98,0.1414
3550,1.0,0.0,4.48,1.5016,3.24,0.8935,7.56,0.5406,7.94,0.2399,7.88,0.3283,1.0,0.0,7.92,0.274
4000,2.88,0.3854,2.46,0.6131,2.72,0.6074,2.1,0.303,3.12,0.4798,2.32,0.4712,4.94,0.2399,4.54,0.7879
4001,4.28,0.6074,1.96,0.3476,2.18,0.3881,1.84,0.3703,2.0,0.0,1.92,0.274,6.86,0.4046,7.0,0.2857
4002,6.48,0.7624,1.9,0.3642,1.42,0.4986,1.6,0.4949,1.84,0.3703,1.26,0.4431,7.28,0.4536,7.62,0.4903
4003,5.2,1.1429,2.08,0.4445,1.9,0.3642,1.8,0.4041,1.42,0.4986,1.86,0.3505,6.96,0.3476,7.0,0.2857
4004,7.68,0.4712,1.6,0.4949,1.0,0.0,1.06,0.2399,1.88,0.3283,1.0,0.0,7.0,0.2857,5.38,0.6354
4005,3.22,0.5455,1.48,0.5047,3.2,0.8081,1.96,0.1979,1.86,0.3505,1.38,0.4903,5.36,0.7217,6.82,0.4375
4100,5.44,0.8122,1.94,0.2399,1.9,0.303,1.6,0.4949,1.0,0.0,1.2,0.4041,6.5,0.5051,4.74,0.5646
4150,7.96,0.1979,2.52,1.111,1.0,0.0,1.0,0.0,1.92,0.3959,1.34,0.4785,7.82,0.3881,6.74,0.5646
4180,4.96,1.0294,1.8,0.4041,1.88,0.3283,1.1,0.303,1.88,0.3283,1.24,0.4314,6.96,0.3476,7.12,0.3283
4210,4.92,0.9655,1.0,0.0,2.08,0.4445,1.0,0.0,2.1,0.303,1.0,0.0,6.9,0.4165,6.78,0.4647
4220,7.02,0.2466,1.88,0.3854,1.2,0.4041,1.0,0.0,1.0,0.0,1.38,0.4903,7.48,0.5047,6.58,0.4986
4230,2.02,0.1414,3.36,0.802,4.0,0.9258,2.18,0.3881,3.86,0.6704,4.04,1.0093,4.04,0.533,6.28,0.6074
4232,3.46,0.7616,1.0,0.0,3.0,0.9035,1.0,0.0,1.86,0.3505,1.0,0.0,6.52,0.7624,7.0,0.2857
4233,6.3,0.6145,2.7,0.6145,1.1,0.303,1.92,0.3405,1.94,0.3136,1.84,0.3703,6.36,0.6312,5.76,0.6565
4235,3.82,0.7743,1.56,0.5014,2.14,0.4522,1.28,0.4536,2.02,0.1414,1.1,0.303,6.38,0.8303,7.0,0.2857
4240,5.98,0.742,2.02,0.4734,1.42,0.4986,1.76,0.4314,3.3,0.6468,1.42,0.4986,5.2,0.5714,7.06,0.3731
4250,6.22,0.6481,1.6,0.4949,1.72,0.4536,1.06,0.2399,1.54,0.5035,1.42,0.4986,7.2,0.4041,6.78,0.4647
4274,5.7,0.9742,4.22,1.1119,1.48,0.5047,1.74,0.4431,2.04,0.1979,1.76,0.4314,7.0,0.2857,6.88,0.3854
4275,7.12,0.3283,2.14,0.3505,1.0,0.0,1.2,0.4041,1.0,0.0,1.1,0.303,7.48,0.5047,7.02,0.2466
4279,4.5,0.8391,1.48,0.5047,1.22,0.4185,1.6,0.4949,1.84,0.4219,1.2,0.4041,6.2,0.8571,6.96,0.3476
4290,3.14,0.5718,1.54,0.5035,1.96,0.402,1.2,0.4041,1.94,0.3136,1.28,0.4536,6.62,0.753,7.86,0.3505
4300,4.56,1.0721,1.04,0.1979,3.54,1.2324,1.0,0.0,1.56,0.5014,1.24,0.4314,6.7,0.6468,6.28,0.6074
4302,3.24,0.6565,1.98,0.3774,1.98,0.2466,1.92,0.274,2.98,0.7951,1.82,0.3881,4.98,0.8449,5.74,0.8992
4310,3.66,0.7174,1.2,0.4041,2.18,0.3881,1.2,0.4041,2.02,0.1414,1.24,0.4314,5.74,0.8762,6.96,0.3476
4320,2.94,0.5115,1.48,0.5047,1.34,0.4785,1.06,0.2399,1.84,0.3703,1.2,0.4041,5.66,0.8947,6.72,0.4965
4460,3.3,0.6468,1.86,0.4046,2.18,0.3881,1.98,0.2466,2.02,0.1414,1.88,0.3283,5.48,0.8142,6.96,0.3476
4470,3.32,0.5511,1.26,0.4431,4.44,0.7329,1.96,0.1979,1.88,0.3283,1.8,0.4041,5.2,0.5345,5.84,0.6809
4490,2.18,0.3881,1.54,0.5035,4.08,0.9655,2.18,0.3881,2.44,0.5014,1.84,0.3703,4.98,0.1414,6.84,0.4677
4500,6.98,0.2466,1.8,0.4041,1.04,0.1979,1.08,0.274,1.0,0.0,1.06,0.2399,7.14,0.3505,6.6,0.4949
4510,7.0,0.2857,1.54,0.5035,1.0,0.0,1.04,0.1979,1.06,0.2399,1.0,0.0,7.6,0.4949,6.18,0.7197
4520,5.28,0.757,1.34,0.4785,3.22,0.79,1.26,0.4431,1.96,0.1979,1.38,0.4903,6.4,0.7284,5.24,0.9161
4530,3.34,0.8478,1.0,0.0,2.04,0.402,1.0,0.0,1.84,0.3703,1.0,0.0,6.2,0.8571,5.8,1.0498
4531,4.46,1.7637,1.78,0.4647,3.62,1.6022,1.24,0.4314,2.9,1.1112,2.04,0.4499,5.46,1.1643,6.88,0.773
4532,7.92,0.274,2.04,0.2828,1.0,0.0,1.0,0.0,1.0,0.0,1.0,0.0,7.98,0.1414,4.02,0.5529
4533,7.18,0.4375,2.48,0.5436,1.0,0.0,1.84,0.3703,1.0,0.0,1.2,0.4041,7.6,0.4949,6.98,0.2466
4534,3.86,0.6704,1.26,0.4431,1.88,0.3283,1.94,0.2399,1.0,0.0,1.28,0.4536,6.94,0.3136,6.76,0.4314
4535,3.04,0.4499,1.0,0.0,1.88,0.3283,2.0,0.0,1.0,0.0,1.06,0.2399,5.14,0.4046,6.18,0.5956
4536,6.12,0.6893,1.48,0.5047,1.96,0.1979,1.88,0.3283,1.28,0.4536,1.28,0.4536,6.76,0.4314,4.92,0.7783
4550,3.34,0.6884,1.78,0.4647,1.54,0.5035,1.84,0.3703,2.3,0.4629,1.38,0.4903,5.48,0.8142,6.86,0.4522
4561,7.98,0.1414,1.76,0.4764,1.0,0.0,1.0,0.0,1.86,0.4046,1.0,0.0,7.94,0.2399,7.24,0.4764
4571,7.12,0.3283,1.56,0.5014,1.04,0.1979,1.2,0.4041,1.06,0.2399,1.3,0.4629,7.06,0.2399,6.24,0.6247
4572,7.98,0.1414,1.9,0.3642,1.0,0.0,1.0,0.0,1.0,0.0,1.28,0.4536,7.98,0.1414,6.94,0.3136
4598,7.26,0.5272,2.08,0.4445,6.48,0.8389,1.88,0.3283,1.2,0.4041,2.72,0.6074,6.6,0.7825,7.24,0.4764
4599,7.74,0.4431,1.32,0.4712,1.1,0.303,1.0,0.0,1.0,0.0,1.0,0.0,7.98,0.1414,6.6,0.4949
4601,7.62,0.4903,2.02,0.1414,1.0,0.0,1.0,0.0,1.0,0.0,1.0,0.0,7.98,0.1414,5.54,0.6131
4603,7.98,0.1414,4.3,1.2495,1.0,0.0,1.0,0.0,1.0,0.0,1.0,0.0,8.0,0.0,5.18,0.4819
4605,3.42,0.6091,1.88,0.3283,2.48,0.5436,1.96,0.1979,1.86,0.3505,1.76,0.4314,5.06,0.2399,3.88,0.6273
4606,6.5,0.7354,1.26,0.4431,2.72,0.757,1.0,0.0,1.84,0.3703,1.22,0.4185,7.48,0.5047,5.98,0.742
4607,7.62,0.4903,2.0,0.202,1.28,0.4536,1.0,0.0,1.0,0.0,1.0,0.0,7.98,0.1414,5.8,0.6999
4608,6.98,0.3188,1.54,0.5035,2.16,0.4219,1.08,0.274,1.26,0.4431,1.54,0.5035,7.74,0.4431,6.7,0.4629
4609,7.66,0.4785,1.84,0.3703,1.0,0.0,1.0,0.0,1.0,0.0,1.0,0.0,7.94,0.2399,6.44,0.5014
4610,4.42,0.6417,1.06,0.2399,5.32,0.8908,1.06,0.2399,1.0,0.0,1.86,0.3505,6.98,0.2466,3.56,0.6749
4611,7.18,0.4819,1.04,0.1979,1.92,0.3959,1.0,0.0,1.94,0.3136,1.0,0.0,7.82,0.3881,7.62,0.4903
4613,2.8,0.5345,2.0,0.3499,1.84,0.3703,1.54,0.5035,3.2,0.5345,2.0,0.0,5.0,0.0,2.18,0.3881
4614,7.82,0.3881,4.46,1.4458,1.0,0.0,1.0,0.0,1.0,0.0,1.0,0.0,7.98,0.1414,4.1,0.5051
4617,7.04,0.1979,2.02,0.1414,1.0,0.0,1.0,0.0,1.0,0.0,1.0,0.0,7.78,0.4185,4.74,0.5646
4621,1.48,0.5047,2.14,0.6064,4.54,1.2324,6.26,0.9649,4.84,1.4896,6.34,0.6581,2.06,0.2399,6.46,0.7343
4631,7.04,0.3476,1.9,0.3642,1.1,0.303,1.54,0.5035,3.26,0.6943,1.74,0.4431,6.96,0.3476,6.08,0.7239
4635,2.14,0.3505,6.02,0.9792,3.62,0.753,4.24,1.1877,3.24,0.6565,3.94,0.9348,4.06,0.4699,4.96,0.8071
4640,7.6,0.4949,1.34,0.4785,4.06,1.5308,1.0,0.0,1.04,0.1979,1.82,0.3881,7.9,0.303,5.7,1.0351
4641,7.98,0.1414,1.48,0.5047,1.0,0.0,1.0,0.0,1.0,0.0,1.0,0.0,8.0,0.0,6.3,0.6145
4650,5.26,1.209,1.42,0.4986,3.68,1.4061,1.58,0.4986,1.88,0.3283,1.96,0.3476,7.14,0.4953,7.1,0.3642
4651,5.72,1.1959,1.2,0.4041,1.6,0.4949,1.0,0.0,1.96,0.2828,1.0,0.0,7.44,0.5406,7.86,0.3505
4652,6.66,0.7722,1.22,0.4185,1.8,0.4041,1.0,0.0,1.9,0.3642,1.04,0.1979,7.66,0.4785,7.86,0.3505
4653,7.82,0.3881,1.08,0.274,1.56,0.5014,1.0,0.0,1.0,0.0,1.0,0.0,7.98,0.1414,7.86,0.3505
4656,7.66,0.4785,1.38,0.4903,1.2,0.4041,1.0,0.0,1.6,0.4949,1.0,0.0,7.94,0.2399,7.92,0.274
4658,7.66,0.4785,1.2,0.4041,1.0,0.0,1.0,0.0,2.28,0.4965,1.0,0.0,7.74,0.4431,7.98,0.1414
4659,7.3,0.5051,1.04,0.1979,1.28,0.4536,1.0,0.0,1.88,0.3283,1.0,0.0,7.78,0.4185,7.92,0.274
4660,7.78,0.4185,1.0,0.0,1.28,0.4536,1.0,0.0,2.0,0.4949,1.0,0.0,7.94,0.4243,7.96,0.1979
4664,3.26,0.6943,1.6,0.4949,2.42,0.6091,1.36,0.4849,2.3,0.4629,1.86,0.4046,5.22,0.7637,7.82,0.3881
4666,6.5,0.7626,1.2,0.4041,2.12,0.4798,1.08,0.274,2.78,0.6158,1.1,0.303,6.66,0.7453,6.8,0.4949
4669,7.5,0.6145,1.1,0.303,1.04,0.1979,1.0,0.0,2.02,0.4734,1.0,0.0,7.86,0.4953,8.04,0.2828
4670,6.9,0.4165,1.42,0.4986,1.36,0.4849,1.04,0.1979,2.3,0.4629,1.06,0.2399,7.34,0.4785,7.74,0.4431
4672,7.74,0.4431,1.54,0.5035,1.0,0.0,1.0,0.0,2.6,0.6389,1.0,0.0,7.66,0.5573,7.98,0.1414
4680,6.0,1.4846,1.98,0.5147,1.38,0.4903,1.48,0.5047,2.44,0.644,2.02,0.5529,6.94,0.8901,7.78,0.4185
4681,7.66,0.4785,1.62,0.4903,1.54,0.5035,1.0,0.0,1.32,0.4712,1.08,0.274,7.92,0.274,7.06,0.2399
4683,5.5,1.233,1.42,0.4986,1.92,0.3405,1.2,0.4041,2.22,0.4185,1.22,0.4185,7.44,0.5406,7.92,0.274
4687,7.78,0.4185,1.1,0.303,1.36,0.4849,1.0,0.0,1.72,0.4536,1.0,0.0,7.94,0.3136,7.92,0.274
4689,7.88,0.3283,1.48,0.5047,1.2,0.4041,1.0,0.0,1.84,0.3703,1.0,0.0,7.96,0.1979,7.74,0.4431
4690,6.48,0.7624,1.2,0.4041,1.76,0.4314,1.0,0.0,2.3,0.4629,1.0,0.0,6.88,0.5206,6.9,0.4165
4700,6.42,0.4986,1.72,0.4536,2.18,0.3881,1.0,0.0,1.0,0.0,1.06,0.2399,6.92,0.274,3.58,0.5379
4750,3.74,0.6642,1.24,0.4314,3.1,0.8864,1.0,0.0,1.9,0.303,1.32,0.4712,6.5,0.7626,6.8,0.4949
4770,7.34,0.6263,1.38,0.4903,1.92,0.4445,1.0,0.0,1.98,0.4734,1.32,0.4712,7.82,0.5226,7.82,0.3881
4800,7.72,0.4536,1.98,0.5147,1.0,0.0,1.1,0.303,2.22,0.4185,1.08,0.274,7.62,0.4903,7.94,0.2399
4810,7.76,0.5911,1.88,0.5584,1.0,0.0,1.08,0.274,4.76,1.3334,1.06,0.2399,6.9,1.1294,8.0,0.202
5000,6.96,0.1979,2.74,0.5646,2.0,0.3499,1.0,0.0,1.26,0.4431,1.22,0.4185,7.04,0.1979,3.42,0.6091
5001,7.98,0.1414,2.18,0.3881,1.22,0.4185,1.08,0.274,1.0,0.0,1.0,0.0,8.0,0.0,6.3,0.5803
5010,6.8,0.4041,2.38,0.4903,2.14,0.3505,1.0,0.0,1.0,0.0,1.0,0.0,6.96,0.1979,3.58,0.5379
5020,6.98,0.1414,2.62,0.5303,1.98,0.1414,1.92,0.274,1.0,0.0,1.1,0.303,7.04,0.1979,4.5,0.544
5030,7.02,0.1414,2.66,0.5194,1.76,0.4314,1.28,0.4536,1.08,0.274,1.08,0.274,7.06,0.2399,4.18,0.5226
5120,1.48,0.5047,2.88,0.7461,2.94,0.8184,1.88,0.3283,4.7,0.9313,2.72,0.5729,3.42,0.6091,3.02,0.4734
5130,3.04,0.402,2.48,0.5436,3.56,0.6749,1.92,0.274,3.28,0.6713,1.86,0.3505,4.68,0.5127,2.6,0.4949
5200,7.28,0.4536,2.4,0.4949,1.92,0.274,1.0,0.0,1.0,0.0,1.0,0.0,7.92,0.274,4.4,0.5345
5201,7.02,0.1414,2.1,0.303,2.0,0.0,1.0,0.0,1.0,0.0,1.08,0.274,7.78,0.4185,3.7,0.5051
5220,6.5,0.5051,2.72,0.536,2.4,0.4949,1.0,0.0,1.42,0.4986,2.72,0.536,7.04,0.1979,3.4,0.5345
5250,3.62,0.5303,3.86,0.9037,5.3,0.7626,2.22,0.4185,1.88,0.3283,5.3,0.544,4.5,0.544,5.74,0.7231
5260,7.78,0.4185,5.1,1.2495,1.28,0.4536,1.0,0.0,1.0,0.0,2.0,0.0,7.98,0.1414,6.96,0.3476
5270,6.56,0.7602,6.54,0.8621,1.9,0.3642,1.72,0.4536,1.8,0.4041,4.98,1.1692,7.14,0.4522,7.48,0.5047
5300,4.72,0.9267,3.4,0.7825,1.8,0.4041,1.0,0.0,1.0,0.0,1.72,0.4536,7.24,0.4314,4.3,0.789
5390,5.6,0.5714,1.72,0.4536,3.68,0.6833,1.0,0.0,1.0,0.0,1.54,0.5035,6.96,0.1979,2.0,0.0
5395,2.9,0.3642,2.14,0.3505,3.58,0.7025,2.3,0.4629,4.08,0.5284,2.6,0.4949,4.68,0.4712,3.74,0.5272
5410,5.02,0.8449,1.04,0.1979,4.5,0.9313,1.0,0.0,1.0,0.0,1.0,0.0,6.94,0.2399,4.4,0.5714
5450,7.18,0.4375,7.16,0.5095,1.08,0.274,1.0,0.0,1.0,0.0,2.8,0.5345,7.92,0.274,8.02,0.1414
5455,3.38,0.6024,1.94,0.2399,2.6,0.5345,1.9,0.303,1.38,0.4903,2.64,0.4849,4.98,0.1414,4.74,0.5646
5460,4.9,1.4321,3.06,1.0577,1.2,0.4041,1.0,0.0,1.0,0.0,3.38,0.753,7.24,0.4764,7.22,0.4647
5470,6.54,0.8621,4.86,1.5651,1.1,0.303,1.0,0.0,1.0,0.0,3.88,0.8953,7.66,0.4785,7.24,0.4764
5480,7.98,0.1414,6.96,0.3476,1.0,0.0,1.22,0.4185,1.0,0.0,2.0,0.0,8.0,0.0,7.98,0.1414
5500,3.72,0.6402,2.44,0.5014,3.18,0.7475,1.0,0.0,3.7,0.5803,2.22,0.4185,4.98,0.1414,2.48,0.5047
5510,3.66,0.6884,3.42,0.7848,2.14,0.4522,1.0,0.0,3.86,0.6704,2.3,0.4629,5.0,0.202,2.84,0.4219
5520,4.52,0.6141,2.72,0.536,2.12,0.3854,1.22,0.4185,3.62,0.6667,2.44,0.5014,5.0,0.0,2.66,0.4785
5530,4.22,0.5817,3.84,0.7384,2.44,0.5406,1.1,0.303,4.04,0.533,2.9,0.4165,4.98,0.1414,2.88,0.3854
5531,3.44,0.6115,2.66,0.5194,1.98,0.3774,1.0,0.0,3.94,0.5859,2.02,0.1414,5.0,0.0,2.48,0.5047
5532,2.84,0.4219,2.62,0.5303,3.4,0.7559,1.2,0.4041,4.58,0.6091,2.92,0.4882,4.42,0.5379,2.6,0.4949
5533,5.16,0.7103,2.76,0.5555,2.14,0.3505,1.0,0.0,3.38,0.6354,2.0,0.0,5.64,0.7217,3.04,0.402
5534,2.96,0.402,3.02,0.5529,2.3,0.4629,1.26,0.4431,4.54,0.5789,3.56,0.6115,4.8,0.4518,2.66,0.4785
5535,4.92,0.6337,2.52,0.5436,1.94,0.2399,1.0,0.0,2.18,0.3881,1.24,0.4314,6.04,0.6987,3.06,0.3731
5593,3.88,0.6273,4.8,0.8806,4.36,0.598,2.4,0.4949,1.6,0.4949,4.96,0.402,4.7,0.4629,5.84,0.6809
5594,4.64,0.7217,4.54,0.9082,5.32,0.8192,2.18,0.3881,1.2,0.4041,4.64,0.598,5.06,0.2399,5.56,0.7045
5600,5.14,0.8574,2.22,0.4185,5.24,0.8704,1.08,0.274,1.0,0.0,2.18,0.3881,6.98,0.3188,3.32,0.5869
5621,7.98,0.1414,5.36,1.4107,1.0,0.0,1.0,0.0,1.0,0.0,6.26,0.8992,7.98,0.1414,7.98,0.1414
5622,3.3,0.6776,6.86,0.4522,1.7,0.4629,2.18,0.3881,2.64,0.4849,6.6,0.4949,4.68,0.5127,6.98,0.2466
5623,6.14,1.0882,6.96,0.3476,1.26,0.4431,1.96,0.2828,1.18,0.3881,6.98,0.2466,6.62,0.753,8.0,0.0
5626,7.0,0.2857,3.48,0.7351,2.06,0.2399,1.0,0.0,1.0,0.0,3.56,0.6749,7.34,0.4785,6.08,0.7239
5628,6.92,0.4445,2.62,0.6024,1.98,0.1414,1.54,0.5035,1.0,0.0,3.72,0.7296,6.9,0.4165,6.96,0.3476
5629,5.5,1.233,3.54,1.1466,1.92,0.274,1.08,0.274,1.0,0.0,7.2,0.4041,6.88,0.5206,7.86,0.3505
5660,3.0,0.4518,4.34,1.3494,3.04,0.9026,2.12,0.4798,1.98,0.3774,4.62,0.8781,4.42,0.5379,5.44,0.951
5700,3.12,0.4798,2.92,0.6007,2.7,0.5803,1.84,0.3703,1.0,0.0,4.02,0.5529,5.0,0.0,5.56,0.8369
5720,6.94,0.2399,1.98,0.1414,2.02,0.1414,1.04,0.1979,1.04,0.1979,1.1,0.303,6.96,0.1979,3.06,0.3731
5731,7.66,0.4785,2.14,0.3505,1.84,0.3703,1.0,0.0,1.0,0.0,1.0,0.0,7.98,0.1414,4.02,0.5529
5740,4.04,0.533,2.42,0.5379,3.6,0.7559,1.42,0.4986,1.88,0.3283,1.94,0.2399,4.94,0.2399,2.9,0.3642
5750,6.7,0.4629,2.0,0.202,2.02,0.1414,1.06,0.2399,1.0,0.0,2.0,0.0,7.02,0.1414,3.74,0.6328
5760,8.0,0.0,2.4,0.4949,1.0,0.0,1.0,0.0,1.0,0.0,1.0,0.0,8.02,0.1414,5.96,0.6688
5779,7.78,0.4185,2.18,0.3881,1.9,0.303,1.0,0.0,1.0,0.0,1.0,0.0,7.98,0.1414,3.8,0.6389
5780,7.0,0.0,1.94,0.2399,2.04,0.1979,1.0,0.0,1.0,0.0,1.6,0.4949,7.86,0.3505,2.72,0.4536
5800,7.04,0.1979,1.92,0.274,1.56,0.5014,1.0,0.0,1.0,0.0,1.04,0.1979,7.82,0.3881,3.84,0.6181
5820,5.76,0.5911,2.06,0.2399,3.86,0.6704,1.06,0.2399,1.0,0.0,2.0,0.0,6.86,0.3505,2.96,0.3476
5830,6.94,0.3136,1.8,0.4041,4.08,0.8769,1.0,0.0,1.0,0.0,1.74,0.4431,7.24,0.4314,2.82,0.3881
5831,7.82,0.3881,3.56,0.7329,1.8,0.4041,1.04,0.1979,1.0,0.0,2.0,0.0,7.92,0.274,4.42,0.5379
5849,7.78,0.4185,2.4,0.4949,1.54,0.5035,1.0,0.0,1.0,0.0,1.0,0.0,7.98,0.1414,4.94,0.6197
5870,6.96,0.1979,2.72,0.5729,2.04,0.1979,1.74,0.4431,1.0,0.0,2.4,0.4949,7.04,0.1979,3.84,0.6503
5875,5.92,0.6652,1.72,0.4536,3.52,0.7068,1.22,0.4185,1.0,0.0,1.6,0.4949,6.98,0.2466,3.16,0.4219
5890,6.22,0.8154,3.54,1.1466,2.02,0.4281,1.0,0.0,1.0,0.0,2.0,0.0,7.6,0.4949,4.86,0.8574
5891,5.72,0.5729,2.44,0.5014,3.74,0.6642,2.0,0.0,1.0,0.0,2.88,0.4798,5.16,0.4219,4.16,0.5481
5900,3.06,0.3731,2.24,0.4314,4.38,0.6024,1.88,0.3283,2.04,0.1979,2.22,0.4185,4.42,0.5379,2.88,0.3283
5910,7.98,0.1414,7.04,0.402,1.0,0.0,1.0,0.0,1.0,0.0,1.48,0.5047,8.0,0.0,7.98,0.1414
5920,1.96,0.3476,7.78,0.4185,1.2,0.4041,5.82,1.746,2.18,0.3881,7.6,0.4949,4.38,0.6024,8.28,0.4536
5940,1.24,0.4314,7.96,0.1979,2.78,0.79,3.26,1.4401,3.46,0.7616,7.94,0.2399,2.1,0.544,8.02,0.1414
5950,1.38,0.4903,7.96,0.1979,1.96,0.1979,2.98,0.7951,1.84,0.3703,7.1,0.303,3.04,0.402,7.98,0.1414
5970,1.18,0.3881,2.08,0.5284,6.18,0.7197,1.8,0.4041,1.86,0.4046,4.58,0.8593,3.82,0.8734,2.14,0.3505
5971,1.0,0.0,7.94,0.2399,3.22,0.79,2.26,0.487,2.1,0.303,7.98,0.1414,1.88,0.3283,7.94,0.2399
5972,1.0,0.0,8.02,0.3188,6.3,0.7626,2.98,1.0971,3.88,0.8953,8.0,0.0,1.12,0.3283,7.98,0.1414
5982,6.92,0.274,2.22,0.4185,2.18,0.3881,1.0,0.0,1.0,0.0,2.0,0.0,7.02,0.1414,3.58,0.5379
5990,3.46,0.7616,2.52,0.5436,5.32,1.3005,4.66,1.4654,2.14,0.6064,4.88,1.0428,4.7,0.7071,4.68,1.2027
5991,6.6,0.4949,2.18,0.3881,2.54,0.5425,1.88,0.3283,1.0,0.0,2.18,0.3881,7.0,0.2857,3.6,0.6389
5994,6.96,0.2828,3.86,0.9037,2.32,0.4712,1.98,0.2466,1.38,0.4903,2.62,0.5303,7.0,0.2857,6.3,0.6145
6000,2.44,0.5014,3.4,0.7825,5.56,0.7045,2.0,0.0,5.82,0.5956,5.58,0.5746,3.96,0.4499,3.96,0.6688
6010,1.84,0.3703,2.22,0.4185,6.96,0.3476,4.64,1.4535,2.4,0.4949,6.04,1.0683,2.04,0.1979,5.38,1.0079
6020,1.0,0.0,2.48,0.5436,7.82,0.3881,4.76,1.4507,6.96,0.3476,7.98,0.1414,1.0,0.0,7.62,0.5303
6150,1.48,0.5047,1.96,0.6987,1.42,0.4986,1.2,0.4041,1.76,0.4314,1.84,0.3703,5.0,0.0,2.0,0.0
6190,1.0,0.0,2.08,0.5284,2.0,0.2857,7.3,0.5051,2.62,0.5303,7.86,0.3505,1.38,0.4903,7.6,0.4949
6200,1.0,0.0,4.02,1.3169,2.38,0.4903,7.0,0.4041,2.66,0.5194,7.94,0.2399,1.08,0.274,7.82,0.3881
6210,1.08,0.274,2.72,0.6074,2.18,0.3881,5.56,0.9071,2.76,0.5555,7.0,0.2857,2.08,0.274,6.7,0.4629
6211,1.0,0.0,5.86,1.3999,2.1,0.303,7.72,0.4536,2.14,0.3505,7.32,0.4712,1.8,0.4041,7.92,0.274
6212,1.96,0.2828,4.86,1.5651,7.22,0.4647,3.62,1.3231,2.84,0.7656,7.82,0.3881,2.14,0.3505,7.62,0.4903
6213,1.0,0.0,2.16,0.4219,3.34,0.7174,7.0,0.2857,3.66,0.7174,6.98,0.3188,1.92,0.274,7.66,0.4785
6230,1.0,0.0,2.16,0.6809,2.2,0.4518,7.26,0.5272,2.4,0.4949,7.92,0.274,1.24,0.4314,7.3,0.5051
6241,1.72,0.4536,2.66,1.0022,1.6,0.4949,3.66,0.7174,2.32,0.4712,6.58,0.5379,3.38,0.4903,5.08,1.1753
6242,1.22,0.4185,1.94,0.4243,2.1,0.303,6.68,0.5127,2.72,0.5729,6.84,0.4219,2.72,0.4536,7.0,0.2857
6243,1.96,0.3476,2.1,0.544,1.08,0.274,7.24,0.4314,2.32,0.5511,7.14,0.4522,3.02,0.4281,7.62,0.4903
6244,2.12,0.4798,1.86,0.5349,1.22,0.4185,5.72,1.1959,2.48,0.5436,6.96,0.3476,3.66,0.5194,7.0,0.2857
6250,1.0,0.0,5.4,1.9483,1.92,0.3959,7.14,0.4953,2.14,0.3505,7.92,0.274,1.74,0.487,7.92,0.274
6260,1.0,0.0,4.56,1.8969,2.14,0.4522,7.82,0.3881,3.1,0.5803,8.0,0.0,1.0,0.0,7.94,0.2399
6300,1.08,0.274,4.94,1.5703,3.18,0.919,6.76,0.5555,2.9,0.7626,7.24,0.4314,1.84,0.3703,6.9,0.4165
6312,6.22,0.7637,2.42,0.6091,1.48,0.5047,2.08,0.4445,2.08,0.4445,2.28,0.5729,5.46,0.8855,4.8,0.6999
6313,1.36,0.4849,5.92,2.3109,1.98,0.5147,7.7,0.5051,5.94,1.5572,7.92,0.274,1.6,0.4949,7.78,0.4185
6314,5.0,1.2454,4.22,1.3596,1.36,0.4849,4.36,1.4107,1.88,0.3283,2.18,0.3881,5.8,0.8806,6.76,0.4314
6350,1.1,0.303,5.64,1.849,2.62,0.6667,6.8,0.8806,7.22,0.4647,7.88,0.3283,1.54,0.5035,7.56,0.5406
6360,2.86,1.05,4.38,1.76,6.26,1.1031,4.44,1.7515,2.94,1.0956,6.04,1.261,3.34,0.8478,5.68,1.2196
6370,1.04,0.1979,1.84,0.5841,7.56,0.5406,5.24,1.9119,4.7,1.5419,7.1,0.4629,1.92,0.6337,4.4,1.5649
6410,1.92,0.274,1.86,0.4046,2.18,0.3881,3.72,0.7296,2.36,0.4849,4.42,0.7584,3.44,0.5014,5.12,0.4798
6510,1.0,0.0,7.58,0.8593,1.6,0.4949,7.82,0.3881,3.88,0.8953,8.0,0.0,1.0,0.0,7.96,0.1979
6530,2.78,0.5067,2.08,0.4445,6.02,0.714,2.86,0.9037,2.12,0.4798,3.46,1.0144,4.26,0.5646,4.56,0.9071
6540,1.0,0.0,2.08,0.9655,2.96,1.1058,7.94,0.3136,6.32,1.0774,8.0,0.202,1.0,0.0,7.96,0.1979
6550,1.0,0.0,2.38,1.1045,2.34,0.5194,7.9,0.303,6.22,0.8401,8.06,0.2399,1.0,0.0,7.94,0.2399
6560,1.0,0.0,5.7,2.6438,6.44,1.7043,7.74,0.487,5.54,1.5677,8.68,0.4712,1.0,0.0,7.96,0.3476
6561,3.88,1.2879,2.98,1.0971,4.92,1.2428,2.02,0.4734,2.22,0.91,2.02,0.1414,4.92,1.066,3.72,0.7296
6570,1.0,0.0,5.18,2.6931,7.08,0.5657,7.86,0.3505,3.4,0.7825,8.1,0.303,1.0,0.0,7.98,0.1414
6571,1.0,0.0,8.0,0.3499,3.26,0.8992,7.98,0.1414,2.5,0.544,8.06,0.2399,1.0,0.0,8.26,0.4431
6610,1.0,0.0,2.28,0.6713,2.3,0.4629,5.9,1.0351,2.22,0.4185,7.06,0.2399,1.72,0.4536,6.96,0.3476
6800,1.62,0.4903,1.98,0.3188,2.02,0.1414,3.42,0.6417,2.02,0.1414,5.32,0.6207,4.06,0.6197,4.46,0.7343
6821,1.82,0.4375,4.9,1.5419,2.34,0.5194,7.66,0.4785,3.56,0.7866,6.96,0.3476,2.16,0.3703,7.82,0.3881
6830,1.2,0.4041,2.14,0.4953,4.56,1.1095,5.02,1.1516,3.58,0.7584,6.94,0.3136,2.16,0.3703,6.6,0.4949
6831,1.0,0.0,7.4,0.7825,7.94,0.2399,5.84,1.4337,7.94,0.2399,7.96,0.1979,1.0,0.0,8.04,0.2828
6834,1.0,0.0,4.08,1.3377,6.84,0.4677,7.48,0.5047,4.58,1.2792,7.6,0.4949,1.6,0.4949,7.92,0.274
6836,1.0,0.0,3.28,1.4291,1.98,0.4734,7.94,0.2399,2.22,0.4185,7.78,0.4185,1.28,0.4536,7.94,0.2399
6838,1.1,0.303,7.88,0.3283,7.2,0.4949,5.04,1.7492,4.86,1.5651,7.82,0.3881,1.88,0.3283,7.82,0.3881
6840,1.0,0.0,2.78,1.183,6.22,0.8401,6.44,1.1095,4.02,1.3013,6.34,0.8715,1.84,0.3703,6.98,0.3188
6900,1.18,0.3881,3.58,0.9916,1.94,0.3136,4.7,1.488,1.9,0.303,7.0,0.2857,3.02,0.3774,6.98,0.2466
6910,1.9,0.3642,3.28,0.757,1.48,0.5047,2.44,0.5406,1.1,0.303,5.08,1.066,4.92,0.274,7.04,0.1979
6930,3.08,0.3959,2.8,0.5345,2.14,0.3505,2.72,0.5729,1.88,0.3283,3.84,0.6181,4.92,0.274,4.74,0.5646
6940,1.0,0.0,3.6,1.088,6.74,0.5646,7.74,0.4431,3.22,0.6788,7.92,0.274,1.28,0.4536,7.98,0.1414
7000,3.58,0.5379,1.42,0.4986,1.96,0.1979,1.88,0.3283,1.26,0.4431,1.2,0.4041,5.0,0.0,2.4,0.4949
7002,3.94,0.5859,1.38,0.4903,2.0,0.0,1.0,0.0,1.38,0.4903,1.0,0.0,5.64,0.5628,2.02,0.1414
7004,3.06,0.3731,1.88,0.3283,2.1,0.303,1.1,0.303,1.48,0.5047,1.0,0.0,5.0,0.0,2.02,0.1414
7006,4.02,0.5529,1.3,0.4629,2.48,0.5436,1.0,0.0,1.0,0.0,1.0,0.0,5.06,0.2399,2.0,0.0
7009,4.28,0.536,1.72,0.4536,2.22,0.4185,1.48,0.5047,1.0,0.0,1.0,0.0,5.0,0.0,2.48,0.5047
7010,3.68,0.5127,1.54,0.5035,2.3,0.4629,1.06,0.2399,1.1,0.303,1.08,0.274,5.0,0.0,2.18,0.3881
7020,3.36,0.598,5.14,1.1068,3.18,0.7475,1.54,0.5035,1.48,0.5047,2.02,0.1414,4.8,0.4518,3.58,0.7025
7025,2.86,0.3505,1.42,0.4986,2.94,0.5115,1.6,0.4949,1.18,0.3881,1.82,0.3881,5.0,0.0,2.06,0.2399
7030,1.8,0.4041,4.24,1.2545,3.34,0.8478,2.1,0.4165,2.3,0.4629,2.48,0.5436,3.12,0.4798,2.3,0.4629
7031,2.14,0.3505,1.88,0.3283,5.2,0.6999,1.84,0.3703,2.14,0.3505,2.06,0.2399,4.38,0.6024,2.02,0.1414
7034,2.18,0.3881,1.76,0.4314,1.94,0.2399,2.52,0.5436,1.98,0.1414,2.0,0.0,5.0,0.0,2.72,0.4536
7035,2.86,0.3505,1.96,0.1979,2.18,0.3881,1.82,0.3881,1.92,0.274,1.22,0.4185,5.0,0.0,2.14,0.3505
7040,2.0,0.0,2.02,0.1414,2.62,0.5303,2.0,0.0,3.66,0.7174,1.8,0.4041,4.22,0.4647,2.02,0.1414
7050,3.04,0.402,2.04,0.402,2.12,0.4798,1.74,0.4431,1.94,0.4243,1.94,0.2399,4.84,0.4219,2.38,0.4903
7060,1.48,0.5047,1.6,0.4949,2.02,0.1414,1.62,0.4903,2.44,0.5406,1.84,0.3703,5.0,0.0,2.0,0.0
7080,2.68,0.4712,1.88,0.3283,2.1,0.303,1.88,0.3283,1.88,0.3283,1.1,0.303,5.0,0.0,2.08,0.274
7090,2.92,0.274,1.92,0.274,3.56,0.6115,1.84,0.3703,2.02,0.1414,2.0,0.0,5.0,0.0,2.14,0.3505
7095,6.96,0.3476,2.82,0.7475,1.04,0.1979,1.98,0.3188,1.28,0.4536,1.98,0.1414,7.0,0.2857,6.28,0.6074
7096,5.78,0.7637,2.48,0.5436,1.84,0.3703,1.94,0.3136,1.32,0.4712,2.0,0.0,5.26,0.5646,4.56,0.7602
7100,4.0,0.5345,2.02,0.1414,1.92,0.274,1.88,0.3283,2.1,0.303,1.8,0.4041,5.0,0.0,2.72,0.4536
7110,1.38,0.4903,2.14,0.3505,2.18,0.3881,3.58,0.7025,2.44,0.5406,2.86,0.4522,4.66,0.5194,2.96,0.3476
7130,3.02,0.4281,1.86,0.3505,1.86,0.3505,1.62,0.4903,1.2,0.4041,1.84,0.3703,5.0,0.0,3.1,0.303
7140,4.24,0.5555,2.28,0.4536,2.14,0.3505,1.38,0.4903,1.54,0.5035,1.96,0.1979,5.0,0.0,3.04,0.3476
7150,2.94,0.3136,2.18,0.3881,4.28,0.536,1.84,0.3703,1.2,0.4041,2.0,0.0,4.92,0.274,2.24,0.4314
7160,3.56,0.6749,3.62,0.7253,1.98,0.3774,4.28,1.2461,3.78,0.9322,5.14,0.8574,4.92,0.274,6.72,0.4965
7170,4.38,0.6024,1.94,0.3136,2.94,0.8184,1.42,0.4986,1.1,0.303,2.0,0.0,5.0,0.0,3.04,0.402
7175,3.88,0.6273,1.42,0.4986,1.88,0.3283,1.04,0.1979,1.0,0.0,1.0,0.0,5.06,0.2399,2.6,0.4949
7180,2.94,0.4243,2.44,0.5014,5.08,0.8041,2.0,0.0,1.6,0.4949,4.36,0.5253,4.42,0.5379,3.88,0.6273
7182,4.3,0.6776,2.68,0.5869,1.24,0.4314,2.48,0.5436,1.04,0.1979,1.98,0.2466,5.0,0.0,6.44,0.7329
7183,6.88,0.4352,2.52,0.5436,1.2,0.4041,1.8,0.4041,1.0,0.0,1.84,0.3703,5.0,0.0,6.0,0.7559
7184,1.96,0.1979,4.52,1.313,4.66,1.2715,5.2,1.2122,6.3,0.6145,4.06,0.7931,3.04,0.402,4.82,1.024
7185,3.78,0.5817,2.06,0.2399,1.98,0.3774,1.96,0.1979,1.6,0.4949,1.84,0.3703,5.0,0.0,3.38,0.4903
7186,5.32,0.6207,2.24,0.4314,2.02,0.1414,1.88,0.3283,1.08,0.274,1.26,0.4431,5.06,0.2399,3.14,0.4522
7187,4.84,0.6809,2.74,0.5997,2.1,0.303,2.04,0.1979,1.38,0.4903,1.84,0.3703,5.0,0.0,4.18,0.5226
7190,3.38,0.6024,2.2,0.4518,2.52,0.5799,1.42,0.4986,1.0,0.0,1.96,0.1979,5.0,0.0,3.12,0.4798
7195,2.4,0.4949,5.68,1.0388,1.92,0.274,2.06,0.3731,5.82,0.5956,4.32,0.5869,4.02,0.4734,4.84,0.6809
7200,7.04,0.1979,1.86,0.3505,1.1,0.303,1.0,0.0,1.54,0.5035,1.0,0.0,7.06,0.2399,3.56,0.6749
7205,7.2,0.4041,2.12,0.4798,1.1,0.303,1.48,0.5047,1.58,0.4986,1.0,0.0,7.06,0.2399,5.7,0.8144
7207,7.46,0.5035,6.54,0.8621,1.0,0.0,1.92,0.3959,2.0,0.2857,2.18,0.3881,7.04,0.402,7.86,0.3505
7211,2.24,0.4314,1.42,0.4986,1.9,0.303,1.42,0.4986,1.0,0.0,1.0,0.0,5.0,0.0,2.18,0.3881
7217,3.4,0.4949,1.84,0.3703,2.62,0.5303,1.42,0.4986,1.56,0.5014,1.24,0.4314,5.0,0.0,2.14,0.3505
7220,7.1,0.303,2.02,0.1414,1.2,0.4041,1.0,0.0,1.22,0.4185,1.0,0.0,7.88,0.3283,4.36,0.598
7224,2.04,0.1979,1.84,0.3703,2.22,0.4185,1.72,0.4536,1.38,0.4903,1.32,0.4712,5.0,0.0,2.0,0.0
7230,7.06,0.2399,1.94,0.2399,1.1,0.303,1.0,0.0,1.38,0.4903,1.0,0.0,7.86,0.3505,4.38,0.6024
7233,5.8,0.4949,1.9,0.303,2.0,0.0,1.0,0.0,1.0,0.0,1.0,0.0,6.7,0.4629,2.4,0.4949
7234,2.3,0.4629,1.88,0.3283,2.66,0.5194,2.0,0.0,2.44,0.5014,1.54,0.5035,4.22,0.4647,2.48,0.5047
7235,3.68,0.5869,1.22,0.4185,2.18,0.3881,1.06,0.2399,1.0,0.0,1.0,0.0,5.0,0.0,2.1,0.303
7237,6.96,0.3476,3.38,0.7796,1.34,0.4785,3.4,0.7825,2.06,0.3731,2.14,0.3505,5.2,0.5345,7.06,0.2399
7238,7.24,0.4314,4.4,1.0102,1.54,0.5035,2.1,0.4165,1.2,0.4041,1.92,0.274,7.0,0.2857,7.48,0.5047
7260,6.96,0.1979,2.14,0.3505,1.26,0.4431,1.0,0.0,1.2,0.4041,1.0,0.0,7.6,0.4949,3.68,0.5869
7270,7.06,0.2399,2.14,0.3505,1.12,0.3283,1.0,0.0,1.86,0.3505,1.0,0.0,7.28,0.4536,4.76,0.6869
7280,6.98,0.2466,1.94,0.2399,1.56,0.5014,1.0,0.0,1.04,0.1979,1.0,0.0,7.06,0.2399,4.36,0.598
7281,7.04,0.1979,2.18,0.3881,1.06,0.2399,1.1,0.303,1.88,0.3283,1.0,0.0,7.1,0.303,5.34,0.6581
7282,7.9,0.303,3.48,0.7351,1.38,0.4903,1.0,0.0,1.92,0.3959,1.0,0.0,7.98,0.1414,6.5,0.7626
7283,7.06,0.2399,2.02,0.1414,1.72,0.4536,1.0,0.0,1.88,0.3283,1.0,0.0,7.74,0.4431,4.5,0.7626
7284,6.02,0.714,2.02,0.1414,2.72,0.5729,1.86,0.3505,2.14,0.3505,1.92,0.274,6.42,0.6728,3.92,0.6652
7285,5.44,0.8122,2.06,0.2399,1.94,0.2399,1.92,0.274,2.1,0.303,1.76,0.4314,6.26,0.7231,4.2,0.6061
7286,7.04,0.1979,2.0,0.2857,1.74,0.4431,1.0,0.0,2.14,0.3505,1.0,0.0,7.06,0.2399,4.02,0.6224
7289,6.92,0.274,2.02,0.1414,1.26,0.4431,1.0,0.0,2.3,0.4629,1.0,0.0,6.92,0.274,4.22,0.5817
7320,6.08,0.4882,2.0,0.0,2.18,0.3881,1.04,0.1979,1.86,0.3505,1.04,0.1979,6.58,0.4986,2.94,0.2399
7325,8.0,0.0,1.62,0.4903,1.0,0.0,1.0,0.0,1.0,0.0,1.0,0.0,8.36,0.4849,4.84,0.6809
7330,7.88,0.3283,2.4,0.4949,1.04,0.1979,1.0,0.0,1.76,0.4314,1.0,0.0,7.96,0.1979,6.36,0.7217
7340,7.06,0.2399,2.04,0.2828,1.26,0.4431,1.0,0.0,1.8,0.4041,1.0,0.0,7.34,0.4785,4.42,0.7025
7350,7.06,0.2399,2.18,0.3881,1.1,0.303,1.2,0.4041,1.98,0.2466,1.0,0.0,7.2,0.4041,4.82,0.6606
7351,7.04,0.1979,2.02,0.1414,1.1,0.303,1.04,0.1979,1.34,0.4785,1.0,0.0,7.28,0.4536,4.38,0.6024
7352,6.74,0.4431,2.62,0.6354,1.6,0.4949,1.3,0.4629,2.3,0.4629,1.04,0.1979,6.76,0.4314,4.2,0.6061
7360,2.62,0.5303,6.96,0.3476,2.18,0.3881,3.6,0.7559,7.0,0.2857,2.72,0.5729,3.02,0.3774,5.36,1.0835
7361,1.0,0.0,6.86,1.125,2.44,0.5406,2.9,0.7626,7.18,0.3881,6.02,0.8204,1.8,0.4041,7.0,0.2857
7380,1.0,0.0,7.04,0.402,2.02,0.1414,3.48,0.7351,7.98,0.1414,6.56,0.5406,1.48,0.5047,6.96,0.3476
7390,7.04,0.1979,2.06,0.2399,1.1,0.303,1.04,0.1979,1.72,0.4536,1.0,0.0,7.14,0.3505,3.88,0.6273
7400,6.98,0.1414,1.94,0.2399,1.3,0.4629,1.0,0.0,1.0,0.0,1.0,0.0,7.02,0.1414,3.22,0.5067
7402,7.24,0.4314,2.06,0.2399,1.0,0.0,1.0,0.0,1.48,0.5047,1.0,0.0,7.82,0.3881,4.5,0.7626
7410,7.04,0.1979,2.14,0.3505,1.2,0.4041,1.04,0.1979,1.24,0.4314,1.0,0.0,7.2,0.4041,4.18,0.5226
7430,7.04,0.1979,2.18,0.3881,1.48,0.5047,1.06,0.2399,1.88,0.3854,1.0,0.0,7.06,0.2399,3.72,0.6713
7450,6.76,0.4314,1.84,0.3703,1.1,0.303,1.08,0.274,2.02,0.1414,1.0,0.0,6.92,0.274,4.36,0.598
7460,6.7,0.4629,1.88,0.3283,1.1,0.303,1.1,0.303,1.92,0.274,1.0,0.0,6.76,0.4314,4.28,0.536
7470,7.06,0.2399,1.98,0.2466,1.0,0.0,1.0,0.0,1.74,0.4431,1.0,0.0,7.74,0.4431,4.02,0.6224
7475,6.96,0.1979,2.04,0.1979,1.08,0.274,1.0,0.0,2.0,0.0,1.0,0.0,7.04,0.1979,4.78,0.5817
7480,6.82,0.3881,2.22,0.4185,1.2,0.4041,1.0,0.0,1.9,0.303,1.0,0.0,7.04,0.1979,5.32,0.6207
7481,7.04,0.1979,2.02,0.1414,1.42,0.4986,1.0,0.0,1.86,0.3505,1.0,0.0,7.78,0.4185,4.66,0.5573
7490,2.48,0.5047,2.08,0.4445,5.94,0.5115,2.0,0.0,2.4,0.4949,2.88,0.4798,4.16,0.4677,2.3,0.4629
7491,2.86,0.3505,2.0,0.0,4.3,0.5051,2.0,0.0,2.06,0.2399,3.2,0.4949,4.32,0.4712,2.44,0.5014
7495,6.16,0.5095,2.02,0.1414,2.22,0.4185,1.2,0.4041,1.26,0.4431,1.6,0.4949,6.18,0.5226,3.36,0.4849
7496,5.12,0.4798,2.22,0.4185,2.04,0.1979,2.0,0.0,1.96,0.1979,2.0,0.0,5.74,0.5646,6.92,0.274
7500,2.3,0.4629,2.32,0.4712,5.28,0.5729,2.62,0.5303,2.44,0.5014,3.52,0.6141,3.6,0.4949,3.62,0.6024
7501,7.92,0.274,3.62,0.7253,1.0,0.0,1.1,0.303,1.1,0.303,1.2,0.4041,7.92,0.274,7.92,0.274
7502,8.06,0.2399,5.7,1.1294,1.0,0.0,1.0,0.0,1.0,0.0,1.0,0.0,8.56,0.5014,7.92,0.274
7503,3.82,0.6606,3.06,0.7117,1.72,0.4536,1.94,0.2399,1.1,0.303,2.06,0.2399,5.0,0.0,4.74,0.5646
7510,6.44,0.5014,2.68,0.5127,2.18,0.3881,1.84,0.3703,1.0,0.0,2.02,0.1414,6.92,0.274,5.64,0.6312
7545,5.74,0.5646,1.94,0.2399,4.76,0.744,1.42,0.4986,1.0,0.0,2.02,0.1414,6.7,0.4629,2.94,0.3136
7550,3.86,0.5349,1.88,0.3283,1.94,0.2399,1.2,0.4041,1.0,0.0,1.28,0.4536,5.0,0.0,3.7,0.5051
7560,2.64,0.4849,2.0,0.3499,2.14,0.3505,3.8,0.7825,2.18,0.3881,2.22,0.4185,4.64,0.4849,5.66,0.6581
7570,5.84,0.6809,2.22,0.4185,3.9,0.8864,1.84,0.3703,1.04,0.1979,2.04,0.1979,6.72,0.4965,5.0,0.6701
7580,3.72,0.6713,2.44,0.5406,3.52,0.8142,1.26,0.4431,1.28,0.4536,3.04,0.57,4.88,0.3854,3.5,0.7071
7590,1.92,0.274,2.08,0.3405,4.76,0.744,6.28,0.6402,2.24,0.4314,3.02,0.4734,2.88,0.3283,5.06,0.9348
7595,3.3,0.4629,2.02,0.1414,2.96,0.4499,2.02,0.1414,2.04,0.1979,2.0,0.0,5.0,0.0,3.18,0.3881
7600,1.82,0.4375,3.8,1.4428,1.0,0.0,7.82,0.3881,2.62,0.6024,6.98,0.2466,4.98,0.5887,7.88,0.3283
7620,4.36,0.598,2.0,0.0,2.18,0.3881,1.54,0.5035,1.06,0.2399,2.14,0.3505,5.06,0.2399,3.66,0.5194
7640,2.96,0.4499,2.76,0.6869,1.98,0.1414,1.74,0.4431,1.1,0.303,7.02,0.2466,4.42,0.5379,7.24,0.4314
7700,1.76,0.4314,2.14,0.3505,4.1,0.5803,2.52,0.5436,2.9,0.6145,2.14,0.3505,2.86,0.3505,2.84,0.4219
7705,2.0,0.0,1.32,0.4712,2.18,0.3881,1.42,0.4986,1.6,0.4949,1.0,0.0,5.0,0.0,2.0,0.0
7710,2.6,0.4949,1.94,0.3136,4.92,0.5284,2.0,0.0,2.62,0.5303,2.72,0.5729,4.42,0.5379,2.66,0.5194
7820,6.66,0.5928,2.52,0.5436,1.54,0.5035,2.9,1.0546,3.04,1.1599,1.98,0.2466,5.24,0.8221,4.88,1.0999
7830,4.34,0.7453,2.5,0.544,1.38,0.4903,1.28,0.4536,2.26,0.6943,1.86,0.3505,5.0,0.0,3.5,0.7071
7900,3.7,0.6468,1.86,0.3505,4.56,1.1095,1.22,0.4185,1.0,0.0,1.18,0.3881,6.72,0.4965,3.22,0.5067
7920,1.24,0.4314,2.44,0.5406,3.86,0.7562,2.3,0.4629,6.5,0.5051,2.0,0.0,2.6,0.4949,2.48,0.5047
7950,2.84,0.4219,1.76,0.4314,3.6,0.7559,1.0,0.0,1.88,0.3283,1.0,0.0,4.98,0.1414,2.0,0.0
8010,1.84,0.3703,1.94,0.4243,6.3,0.6145,2.0,0.0,1.42,0.4986,1.92,0.274,3.02,0.3774,6.06,0.8668
8021,4.68,1.2027,2.76,0.6247,1.06,0.2399,1.24,0.4314,1.0,0.0,5.02,1.0971,6.88,0.3854,7.6,0.4949
8030,6.52,0.7624,2.62,0.753,1.42,0.4986,1.2,0.4041,1.0,0.0,4.86,1.2124,7.0,0.2857,7.06,0.2399
8031,6.32,0.9781,4.52,1.1292,1.0,0.0,1.1,0.303,1.0,0.0,4.7,0.9091,7.0,0.2857,7.82,0.3881
8032,6.98,0.3188,3.46,0.8855,1.2,0.4041,1.04,0.1979,1.08,0.274,2.62,0.6354,7.34,0.4785,6.88,0.3854
8033,7.1,0.4629,3.54,1.1466,1.24,0.4314,1.2,0.4041,1.28,0.4536,3.04,0.8071,7.48,0.5047,7.0,0.2857
8034,6.5,0.7626,2.18,0.3881,1.2,0.4041,1.84,0.3703,1.0,0.0,3.1,0.544,6.96,0.3476,7.66,0.4785
8040,4.18,1.3952,6.16,1.3607,2.08,0.5284,2.42,0.9495,1.6,0.4949,3.0,0.9035,5.32,0.8908,6.18,0.7197
8041,5.28,1.2129,2.48,0.5436,1.22,0.4185,1.0,0.0,1.0,0.0,2.52,0.5436,6.58,0.5379,6.7,0.4629
8050,7.0,0.2857,1.3,0.4629,1.42,0.4986,1.0,0.0,1.0,0.0,1.0,0.0,7.06,0.2399,4.68,0.7407
8060,6.28,1.9171,3.86,1.4287,1.98,0.5147,7.88,0.3283,1.94,0.3136,6.18,1.6986,5.94,1.2843,7.98,0.1414
8080,5.84,1.0568,2.7,0.7354,1.58,0.4986,1.84,0.3703,1.04,0.1979,4.2,0.9689,6.38,0.8053,7.04,0.1979
8090,4.48,1.3738,2.74,0.6943,1.2,0.4041,1.0,0.0,1.0,0.0,2.74,0.6328,7.0,0.2857,7.28,0.4536
8116,2.72,0.5729,2.78,0.6788,1.94,0.2399,6.18,0.7197,1.86,0.3505,2.5,0.544,5.46,0.7879,7.88,0.3283
8117,2.0,0.4949,6.34,0.8715,2.0,0.4518,3.16,0.9116,1.0,0.0,2.26,0.487,5.12,0.6893,7.82,0.3881
8120,7.98,0.1414,4.26,1.7474,1.0,0.0,1.0,0.0,1.26,0.4431,1.0,0.0,7.98,0.1414,7.0,0.2857
8130,4.32,1.3468,2.08,0.4445,1.48,0.5047,1.38,0.4903,1.0,0.0,2.44,0.5406,6.32,0.8192,7.28,0.4536
8160,3.68,0.7126,2.04,0.2828,1.38,0.4903,1.8,0.4041,1.2,0.4041,6.92,0.274,5.5,0.8144,7.62,0.4903
8161,6.18,0.7197,3.28,0.6713,1.08,0.274,1.48,0.5047,1.0,0.0,5.62,0.7796,6.94,0.3136,7.12,0.3283
8162,7.94,0.2399,4.5,0.9313,1.2,0.4041,1.2,0.4041,1.0,0.0,1.54,0.5035,8.0,0.0,6.96,0.3476
8170,7.04,0.1979,2.72,0.5729,1.6,0.4949,1.72,0.4536,1.0,0.0,2.94,0.4243,7.24,0.4314,6.16,0.5095
8180,7.88,0.3283,7.2,0.4949,1.18,0.3881,1.24,0.4314,1.1,0.303,6.96,0.3476,7.48,0.5047,7.82,0.3881
8185,7.66,0.4785,7.74,0.4431,1.08,0.274,1.24,0.4314,1.2,0.4041,7.04,0.402,7.18,0.4375,7.98,0.1414
8190,7.04,0.1979,2.18,0.3881,1.88,0.3283,1.0,0.0,1.0,0.0,2.6,0.5345,7.48,0.5047,5.02,0.5529
8200,7.28,0.4536,2.14,0.3505,1.0,0.0,1.38,0.4903,1.0,0.0,2.02,0.1414,7.92,0.274,7.12,0.3283
8210,7.12,0.3283,5.38,0.9452,1.04,0.1979,1.26,0.4431,1.0,0.0,3.56,0.6749,7.18,0.3881,6.96,0.1979
8220,3.56,0.6749,1.88,0.3283,1.38,0.4903,2.02,0.1414,1.1,0.303,1.9,0.303,6.42,0.7025,7.74,0.4431
8230,1.0,0.0,2.3,1.0152,5.36,1.6383,7.6,1.2122,7.98,0.1414,7.98,0.2466,1.0,0.0,8.08,0.3405
8231,1.04,0.1979,3.52,1.3589,6.84,0.4677,4.78,1.7761,4.68,0.957,3.78,1.4609,1.94,0.4243,7.82,0.3881
8232,6.7,1.8979,7.18,0.4819,4.98,1.4213,5.24,1.5328,2.18,0.3881,4.56,1.4868,4.5,0.6145,7.98,0.1414
8250,4.5,1.488,4.9,1.4321,1.08,0.274,1.98,0.2466,1.0,0.0,5.1,1.1473,6.98,0.3188,7.98,0.1414
8260,3.9,1.2976,2.18,0.3881,1.0,0.0,1.84,0.3703,1.0,0.0,3.98,1.1865,7.34,0.4785,7.98,0.1414
8280,4.28,1.0887,1.84,0.3703,1.08,0.274,1.0,0.0,1.0,0.0,1.48,0.5047,6.82,0.4375,6.1,0.7354
8300,6.5,0.5051,2.5,0.5803,1.72,0.4536,2.0,0.3499,1.54,0.5035,2.22,0.4185,6.06,0.7669,6.26,0.6642
8311,3.4,1.4846,7.98,0.3774,1.72,0.4536,4.82,1.7225,1.82,0.3881,1.88,0.3283,4.52,1.3589,6.98,0.3188
8320,8.0,0.0,2.0,0.4949,1.0,0.0,1.0,0.0,2.12,0.4798,1.0,0.0,8.0,0.0,6.98,0.3188
8330,8.0,0.0,1.86,0.3505,1.0,0.0,1.0,0.0,1.0,0.0,1.0,0.0,8.06,0.2399,5.8,0.6389
8340,6.22,0.6481,2.52,0.5436,2.0,0.0,1.24,0.4314,1.04,0.1979,3.42,0.6091,6.58,0.4986,6.08,0.6652
8350,8.0,0.0,2.08,0.4445,1.0,0.0,1.42,0.4986,1.0,0.0,1.0,0.0,8.4,0.4949,7.98,0.1414
8370,7.98,0.1414,6.1,0.9742,1.0,0.0,1.2,0.4041,1.04,0.1979,4.78,0.8401,7.94,0.2399,8.02,0.1414
8380,8.1,0.303,2.08,0.4445,1.0,0.0,1.18,0.3881,1.0,0.0,1.0,0.0,8.48,0.5047,8.02,0.1414
8400,6.98,0.2466,3.4,0.6389,1.22,0.4185,1.84,0.3703,1.1,0.303,5.18,0.4819,6.92,0.274,6.96,0.1979
8420,7.88,0.3283,2.48,0.5047,1.0,0.0,1.0,0.0,1.2,0.4041,2.1,0.303,7.94,0.2399,5.0,0.3499
8460,5.56,0.993,2.5,0.544,1.2,0.4041,2.0,0.3499,1.28,0.4536,2.02,0.1414,6.82,0.4375,7.0,0.2857
8461,8.0,0.0,3.06,0.8901,1.0,0.0,1.0,0.0,1.0,0.0,1.2,0.4041,8.0,0.0,6.7,0.4629
8465,7.04,0.1979,2.02,0.1414,1.8,0.4041,1.86,0.3505,1.0,0.0,1.84,0.3703,7.28,0.4536,6.58,0.4986
8470,8.42,0.4986,2.74,0.5997,1.0,0.0,1.0,0.0,1.0,0.0,1.0,0.0,8.92,0.274,7.98,0.1414
8480,1.0,0.0,8.3,0.6145,1.74,0.4431,8.04,0.4932,5.9,1.5152,8.18,0.3881,1.0,0.0,9.0,0.0
8490,8.0,0.0,7.16,0.5095,1.0,0.0,1.0,0.0,1.0,0.0,5.1,1.1473,7.98,0.1414,8.06,0.2399
8496,8.0,0.0,6.76,0.5555,1.0,0.0,1.0,0.0,1.0,0.0,3.94,0.7931,8.0,0.0,7.98,0.1414
8497,8.18,0.3881,2.4,0.5714,1.0,0.0,1.0,0.0,1.0,0.0,1.24,0.4314,8.88,0.3283,7.62,0.4903
8500,6.9,0.4165,2.04,0.402,1.0,0.0,1.0,0.0,1.0,0.0,1.28,0.4536,7.48,0.5047,4.4,0.7284
8501,7.82,0.3881,3.5,1.0546,1.0,0.0,1.38,0.4903,1.32,0.4712,1.24,0.4314,7.78,0.4185,6.84,0.4677
8502,7.6,0.4949,2.74,0.6328,1.18,0.3881,1.48,0.5047,1.38,0.4903,1.84,0.3703,7.6,0.4949,6.18,0.7197
8503,6.56,0.7602,2.74,0.5997,1.8,0.4041,4.92,1.5497,1.84,0.3703,2.02,0.1414,6.96,0.3476,6.58,0.4986
8510,7.0,0.2857,2.66,0.5194,1.88,0.3283,1.94,0.2399,1.0,0.0,2.0,0.0,7.24,0.4314,6.98,0.2466
8531,6.78,0.4647,2.52,0.5436,1.6,0.4949,1.92,0.274,1.0,0.0,1.92,0.274,7.12,0.3283,6.98,0.2466
8540,8.0,0.0,1.94,0.2399,1.0,0.0,1.0,0.0,1.0,0.0,1.0,0.0,8.12,0.3283,6.94,0.3136
8600,7.92,0.274,2.3,0.4629,1.0,0.0,1.0,0.0,1.84,0.3703,1.8,0.4041,7.96,0.1979,5.26,0.5272
9000,1.0,0.0,2.1,0.303,8.0,0.0,2.06,0.2399,2.14,0.3505,6.0,0.7559,1.48,0.5047,3.4,0.7559
9001,1.88,0.3283,1.88,0.3283,7.04,0.1979,1.28,0.4536,2.0,0.0,3.36,0.5628,2.66,0.4785,2.48,0.5047
9005,1.04,0.1979,3.46,1.2324,7.92,0.274,5.64,1.2578,5.54,1.0343,6.98,0.3188,1.72,0.4536,2.04,0.533
9006,1.0,0.0,6.0,1.4708,7.98,0.1414,5.9,1.0351,5.82,0.919,7.12,0.3283,1.28,0.4536,6.52,0.8389
9007,1.0,0.0,5.42,2.4997,7.88,0.4352,2.64,1.1563,7.98,0.1414,8.04,0.2828,1.0,0.0,8.08,0.3405
9008,1.22,0.4185,3.5,1.0546,2.6,0.6389,2.18,0.3881,7.66,0.4785,2.14,0.3505,2.02,0.1414,2.8,0.6999
9010,1.0,0.0,2.14,0.3505,7.04,0.1979,5.16,1.0759,3.36,0.598,6.96,0.1979,2.0,0.0,4.7,0.8864
9040,1.0,0.0,1.82,0.4375,8.0,0.202,2.12,0.3854,6.58,0.7848,4.64,1.4251,1.08,0.274,4.02,1.6962
9041,1.0,0.0,1.0,0.0,8.0,0.0,2.0,0.0,1.2,0.4041,6.08,0.8769,1.34,0.4785,2.02,0.1414
9042,1.88,0.3854,1.78,0.5455,2.84,0.9765,1.58,0.4986,6.9,0.4165,2.42,1.0515,2.86,0.7287,4.68,1.4348
9045,4.5,0.7626,2.22,0.4185,2.96,0.7548,1.84,0.3703,3.16,0.7384,2.06,0.2399,5.2,0.5714,3.12,0.4798
9046,2.86,0.3505,1.96,0.2828,4.48,0.6465,2.02,0.1414,3.3,0.6468,2.18,0.3881,4.18,0.4375,3.06,0.3731
9050,1.0,0.0,7.96,0.402,7.98,0.1414,6.46,0.9941,5.6,1.0498,8.04,0.1979,1.0,0.0,8.18,0.3881
9070,2.02,0.1414,4.38,1.6399,6.7,0.6145,1.84,0.3703,1.26,0.4431,5.5,1.4604,3.7,0.7071,4.32,0.9988
9080,1.04,0.1979,3.4,0.7825,4.6,0.8806,2.18,0.3881,2.14,0.3505,6.5,0.5051,2.6,0.4949,6.02,0.8204
9090,1.72,0.4536,6.52,0.8389,3.14,0.7827,4.0,1.2936,6.7,0.4629,2.62,0.5303,2.6,0.4949,3.98,0.9998
9101,1.0,0.0,2.92,1.0467,6.0,1.3248,4.16,1.4758,6.58,0.7848,6.96,0.3476,1.2,0.4041,6.34,1.5858
9102,1.2,0.4041,2.06,0.3731,2.3,0.4629,2.0,0.0,4.64,0.598,5.32,0.6207,2.96,0.2828,4.84,0.8418
9110,1.1,0.303,2.72,0.5729,4.62,0.753,2.54,0.5789,6.5,0.5051,2.18,0.3881,2.3,0.4629,3.02,0.4281
9120,1.0,0.0,7.9,0.4629,6.84,0.4677,4.22,1.3596,4.26,1.2423,7.98,0.1414,1.92,0.274,7.78,0.4185
9140,1.0,0.0,2.22,0.6481,8.0,0.202,3.34,1.1713,8.2,0.4041,6.54,0.8621,1.0,0.0,7.98,0.3774
9156,3.5,0.6776,2.8,0.6061,1.76,0.4314,2.18,0.3881,1.04,0.1979,3.68,0.7126,5.2,0.5345,6.7,0.4629
9160,1.88,0.3283,1.84,0.3703,5.38,0.901,3.36,0.802,1.9,0.3642,5.4,0.9689,2.98,0.2466,5.16,0.7384
9180,1.0,0.0,3.4,0.9476,7.98,0.1414,7.28,0.6713,7.98,0.1414,7.18,0.5956,1.0,0.0,7.94,0.3136
9181,1.0,0.0,3.36,1.1911,8.1,0.303,5.4,1.5649,8.06,0.2399,7.82,0.3881,1.0,0.0,7.86,0.3505
9182,1.0,0.0,2.24,0.716,8.0,0.202,2.06,0.4699,8.0,0.202,7.3,1.4743,1.0,0.0,7.98,0.3774
9190,2.4,0.4949,1.84,0.3703,6.66,0.5928,2.78,0.79,2.02,0.4281,2.5,0.5803,4.28,0.536,4.52,0.8142
9210,2.0,0.0,1.76,0.4314,6.6,0.4949,2.0,0.0,1.84,0.3703,2.68,0.5127,2.98,0.2466,2.88,0.3854
9220,1.26,0.4431,1.6,0.4949,7.92,0.274,2.02,0.1414,1.38,0.4903,2.3,0.4629,2.02,0.1414,3.14,0.4522
9230,1.0,0.0,2.68,0.5869,7.48,0.5047,6.16,1.4758,7.48,0.5047,7.98,0.1414,1.08,0.274,8.04,0.2828
9250,1.0,0.0,5.68,1.6343,7.46,0.5425,4.4,1.666,7.14,0.3505,7.88,0.3283,1.04,0.1979,7.92,0.274
9252,1.22,0.4185,6.36,1.8043,7.94,0.4243,8.06,0.3136,8.3,0.4629,7.98,0.3774,1.0,0.0,8.86,0.3505
9253,1.0,0.0,5.0,1.7957,8.48,0.5047,7.56,0.5771,8.8,0.4041,8.3,0.4629,1.0,0.0,8.44,0.5406
9265,1.0,0.0,2.0,0.4518,7.98,0.1414,4.94,1.789,5.4,1.1606,7.58,0.5379,1.04,0.1979,7.74,0.4431
9270,1.04,0.1979,1.84,0.3703,3.46,0.7616,1.92,0.274,6.02,0.714,6.94,0.2399,2.08,0.274,6.0,0.7825
9280,1.26,0.4431,2.44,0.5014,6.98,0.2466,6.44,0.644,7.06,0.2399,4.22,0.5817,2.0,0.0,5.96,0.832
9290,1.0,0.0,2.18,0.3881,6.5,0.5051,6.04,0.7548,7.98,0.1414,2.0,0.0,1.24,0.4314,4.6,1.1066
9300,1.0,0.0,2.96,0.7548,3.36,0.7762,3.06,0.7931,8.06,0.2399,2.14,0.3505,1.0,0.0,5.08,1.6517
9320,1.0,0.0,2.96,0.8562,2.76,0.6247,2.52,0.5436,8.28,0.4536,2.04,0.1979,1.0,0.0,4.58,1.739
9330,2.1,0.303,3.28,0.8581,5.36,0.8514,4.32,1.0388,7.66,0.4785,3.08,0.5284,2.44,0.5014,5.46,0.9082
9331,2.96,0.3476,1.96,0.1979,5.48,0.5436,2.0,0.0,2.92,0.6007,2.02,0.1414,3.26,0.4431,3.04,0.3476
9340,1.0,0.0,2.66,0.5194,7.0,0.2857,6.58,0.4986,7.2,0.4041,2.1,0.303,1.88,0.3283,3.84,0.6503
9360,1.9,0.303,2.4,0.4949,6.3,0.5803,2.54,0.5425,4.84,0.6809,4.08,0.5284,2.82,0.3881,3.28,0.536
9373,1.04,0.1979,3.98,1.02,4.58,0.8593,4.6,0.9035,6.44,0.5014,3.4,0.7825,2.1,0.303,5.46,0.8855
9390,2.14,0.3505,2.18,0.3881,3.4,0.6389,2.22,0.4185,6.76,0.4314,1.72,0.4536,2.96,0.1979,3.26,0.5646
9400,1.0,0.0,2.52,0.9311,8.06,0.2399,7.66,0.5573,8.02,0.1414,8.0,0.202,1.0,0.0,8.36,0.4849
9401,1.88,0.3283,2.62,0.5303,1.92,0.274,3.52,0.7068,2.48,0.5436,5.26,0.7231,4.0,0.4949,5.22,0.6788
9402,1.2,0.4041,7.08,1.9984,2.92,1.14,7.3,1.0546,5.66,1.7912,6.58,1.4859,1.76,0.4764,7.92,0.274
9404,1.38,0.4903,2.74,0.5997,4.54,0.9082,6.28,0.8816,3.0,0.8081,6.46,0.7343,2.44,0.5014,7.0,0.2857
9405,1.0,0.0,5.1,1.6568,6.54,0.8855,3.0,0.9035,8.86,0.3505,8.04,0.2828,1.0,0.0,8.56,0.5014
9410,1.0,0.0,3.78,1.4609,7.62,0.4903,7.54,0.5425,7.98,0.1414,7.98,0.1414,1.0,0.0,7.98,0.1414
9411,1.24,0.4314,4.58,1.3566,6.88,0.4352,4.98,1.1692,3.22,0.79,7.02,0.2466,2.0,0.0,7.9,0.303
9415,1.26,0.4431,2.14,0.3505,7.78,0.4185,4.56,1.1095,2.44,0.5014,6.84,0.4677,2.0,0.0,6.74,0.5646
9417,2.0,0.0,3.08,0.5284,3.76,0.6247,4.26,0.5272,1.88,0.3283,4.42,0.5379,3.08,0.274,4.12,0.4798
9420,1.0,0.0,3.22,1.1301,7.98,0.1414,7.26,0.5272,8.1,0.303,7.98,0.1414,1.0,0.0,8.04,0.2828
9421,1.0,0.0,1.76,0.4314,8.2,0.4041,1.96,0.2828,1.9,0.303,6.96,0.8797,1.04,0.1979,7.92,0.274
9430,1.92,0.274,2.24,0.8935,7.24,0.4764,3.6,1.4428,6.18,0.8254,6.14,1.4709,2.02,0.1414,6.8,0.4949
9432,4.22,0.7365,1.72,0.4536,4.48,1.111,1.58,0.4986,1.76,0.4314,2.0,0.0,6.22,0.7365,4.54,0.9082
9433,1.0,0.0,5.64,1.7233,8.08,0.274,7.56,0.5406,8.04,0.1979,7.94,0.2399,1.0,0.0,8.16,0.4219
9440,1.0,0.0,2.34,0.7174,9.0,0.0,4.94,1.8229,8.06,0.2399,8.02,0.2466,1.0,0.0,8.24,0.4764
9452,1.8,0.4041,3.86,1.4984,2.48,0.6141,7.1,0.4629,3.28,0.8581,5.74,1.5093,3.04,0.4499,4.16,1.2993
9470,1.0,0.0,7.96,0.402,7.98,0.1414,7.4,0.5714,6.5,0.7626,8.0,0.0,1.0,0.0,8.04,0.2828
9480,1.0,0.0,3.62,1.0859,8.26,0.4431,4.4,1.4428,7.98,0.1414,7.98,0.1414,1.0,0.0,7.92,0.3405
9490,1.0,0.0,4.72,1.7501,7.58,0.5379,2.38,0.6354,8.14,0.3505,7.92,0.274,1.0,0.0,7.98,0.3774
9500,1.0,0.0,2.98,0.7951,7.3,0.5051,5.76,1.1704,8.04,0.1979,6.8,0.4949,1.0,0.0,7.92,0.274
9520,2.0,0.0,2.48,0.5436,7.34,0.4785,6.22,0.8401,7.48,0.5047,4.48,0.7624,2.0,0.0,4.56,0.9071
9530,1.84,0.3703,1.76,0.4314,7.28,0.4536,2.72,0.5729,6.3,0.6145,2.94,0.5115,2.0,0.0,3.9,0.6776
9560,1.0,0.0,2.82,1.3656,7.94,0.2399,3.56,1.8088,7.24,0.4314,5.82,1.5477,1.28,0.4536,5.82,1.4097
9561,1.0,0.0,2.02,0.4281,8.06,0.2399,1.88,0.3283,6.8,0.4949,4.9,1.5419,1.6,0.4949,5.44,1.5539
9570,1.0,0.0,3.6,1.4428,7.82,0.3881,3.68,1.4061,8.98,0.1414,7.92,0.274,1.0,0.0,8.46,0.5425
9571,1.0,0.0,3.08,1.066,7.98,0.1414,2.9,0.789,7.92,0.274,4.22,1.183,1.0,0.0,7.7,0.5051
9582,1.04,0.1979,1.98,0.5887,4.46,1.4458,2.04,0.533,6.72,0.4965,6.86,0.4953,2.08,0.274,6.46,0.8381
9584,1.0,0.0,1.78,0.4647,4.22,1.1119,1.84,0.3703,6.5,0.5051,6.9,0.4165,2.0,0.0,5.8,1.1952
9592,1.04,0.1979,2.04,0.1979,2.4,0.4949,2.02,0.1414,5.42,0.5379,5.74,0.5646,2.86,0.3505,4.84,0.6809
9594,1.04,0.1979,2.0,0.2857,2.18,0.3881,2.02,0.1414,5.86,0.4953,6.3,0.5803,2.64,0.4849,5.28,0.757
9600,1.0,0.0,7.78,0.4185,7.92,0.274,4.28,1.3407,5.0,1.1249,7.98,0.1414,1.0,0.0,7.98,0.1414
9611,1.0,0.0,7.98,0.4281,8.06,0.2399,4.96,1.4136,7.04,0.402,8.04,0.1979,1.0,0.0,8.08,0.3405
9620,1.0,0.0,7.92,0.3405,7.66,0.4785,2.74,0.6328,2.84,0.6181,8.0,0.0,1.34,0.4785,8.04,0.1979
9621,1.0,0.0,6.96,0.3476,6.92,0.274,3.38,0.8053,3.72,0.7296,6.98,0.2466,2.0,0.0,7.2,0.4041
9622,1.0,0.0,8.18,0.4375,6.5,0.7626,7.78,0.4185,4.26,1.2423,7.98,0.1414,1.0,0.0,8.48,0.5047
9630,1.0,0.0,8.28,0.4965,1.86,0.4046,7.7,0.5051,2.54,0.5789,7.98,0.1414,1.28,0.4536,8.46,0.5035
9700,2.86,0.4522,2.18,0.3881,2.4,0.4949,2.02,0.1414,5.66,0.8234,2.0,0.0,4.3,0.5051,4.64,0.598
9800,1.84,0.3703,1.82,0.4375,2.4,0.5714,6.54,0.8621,7.9,0.303,6.7,0.6468,1.34,0.4785,5.04,1.4702
9810,1.0,0.0,4.06,1.3911,4.02,1.5971,7.98,0.3774,8.06,0.2399,7.98,0.1414,1.0,0.0,7.92,0.274
9830,1.0,0.0,2.14,0.3505,4.96,0.8562,4.98,0.9792,7.28,0.4536,1.84,0.3703,2.0,0.0,3.02,0.4734
9910,1.0,0.0,6.3,1.0351,7.82,0.3881,2.82,0.6289,6.9,0.4165,7.82,0.3881,1.0,0.0,7.98,0.1414
9911,1.0,0.0,7.46,0.5425,7.12,0.3283,3.62,0.9234,6.62,0.5303,7.82,0.3881,1.0,0.0,7.9,0.303
9912,1.0,0.0,7.78,0.4185,6.28,0.6402,6.74,0.6328,5.44,0.9293,7.0,0.2857,1.38,0.4903,7.34,0.4785
9920,1.0,0.0,7.2,0.4949,7.28,0.4536,3.82,0.8965,6.96,0.3476,7.28,0.4536,1.0,0.0,7.92,0.274
9921,1.0,0.0,4.8,1.7143,7.42,0.5379,2.32,0.5127,4.28,1.0887,7.98,0.1414,1.34,0.4785,8.12,0.3283
