"image","happiness_Mean","happiness_Std","surprise_Mean","surprise_Std","sadness_Mean","sadness_Std","anger_Mean","anger_Std","disgust_Mean","disgust_Std","fear_Mean","fear_Std","emotional valence_Mean","emotional valence_Std","arousal_Mean","arousal_Std"
"1019","1.0","0.0","7.0","0.0","4.6","0.49","2.78","0.42","8.0","0.0","7.34","0.48","2.0","0.0","8.0","0.0"
"1022","1.0","0.0","6.0","0.0","1.0","0.0","2.0","0.0","5.3","0.46","8.0","0.0","2.0","0.0","7.08","0.27"
"1030","1.58","0.5","5.8","0.4","1.0","0.0","1.5","0.51","4.88","0.33","8.0","0.0","2.0","0.0","7.0","0.0"
"1040","1.0","0.0","5.7","0.46","1.0","0.0","2.0","0.0","6.28","0.45","8.0","0.0","2.0","0.0","7.0","0.0"
"1050","1.0","0.0","7.0","0.0","1.0","0.0","3.3","0.46","5.04","0.2","8.96","0.2","1.18","0.39","8.0","0.0"
"1051","1.0","0.0","7.0","0.0","1.0","0.0","2.56","0.5","4.52","0.5","8.78","0.42","1.02","0.14","8.0","0.0"
"1052","1.0","0.0","7.0","0.0","1.0","0.0","3.34","0.48","5.0","0.0","8.82","0.39","1.02","0.14","8.0","0.0"
"1070","1.0","0.0","5.94","0.24","1.86","0.35","2.0","0.0","6.96","0.2","7.96","0.2","2.0","0.0","6.96","0.2"
"1080","1.88","0.33","6.0","0.0","1.0","0.0","1.7","0.46","4.64","0.48","8.0","0.0","2.0","0.0","7.0","0.0"
"1090","1.0","0.0","6.16","0.37","1.0","0.0","2.0","0.0","5.96","0.67","8.0","0.0","1.5","0.51","7.16","0.37"
"1101","1.7","0.46","6.28","0.45","1.0","0.0","1.0","0.0","6.24","0.43","7.72","0.45","2.0","0.0","7.0","0.0"
"1110","1.54","0.5","6.76","0.43","1.34","0.48","2.0","0.0","3.88","0.33","8.0","0.0","2.0","0.0","7.0","0.0"
"1111","1.0","0.0","6.36","0.48","2.0","0.0","2.0","0.0","9.0","0.0","6.92","0.27","1.36","0.48","7.06","0.24"
"1112","1.26","0.44","8.0","0.0","1.26","0.44","2.04","0.2","4.44","0.5","8.56","0.5","1.28","0.45","8.0","0.0"
"1113","1.0","0.0","7.0","0.0","1.0","0.0","2.0","0.0","5.0","0.0","8.0","0.0","1.66","0.48","8.0","0.0"
"1120","1.0","0.0","7.24","0.43","1.0","0.0","2.56","0.5","6.12","0.72","9.0","0.0","1.0","0.0","8.04","0.2"
"1121","3.86","0.35","5.6","0.49","1.0","0.0","1.0","0.0","2.94","0.24","2.44","0.5","4.78","0.42","4.44","0.5"
"1200","1.0","0.0","7.0","0.0","1.0","0.0","2.0","0.0","8.0","0.0","8.0","0.0","1.0","0.0","7.96","0.2"
"1201","1.52","0.5","7.08","0.27","1.0","0.0","2.0","0.0","7.5","0.51","8.0","0.0","1.96","0.2","7.58","0.5"
"1220","1.0","0.0","5.94","0.24","1.14","0.35","2.0","0.0","8.0","0.0","8.0","0.0","1.04","0.2","7.16","0.37"
"1230","2.0","0.0","5.6","0.49","1.0","0.0","1.0","0.0","7.2","0.4","7.0","0.0","2.0","0.0","6.04","0.2"
"1240","1.0","0.0","5.9","0.3","1.0","0.0","1.12","0.33","7.32","0.47","7.94","0.24","1.76","0.43","7.0","0.0"
"1270","1.0","0.0","5.16","0.68","1.88","0.33","3.22","0.55","9.0","0.0","7.12","0.33","1.0","0.0","6.86","0.35"
"1274","1.0","0.0","4.06","0.24","2.0","0.0","2.86","0.35","9.0","0.0","7.0","0.0","1.0","0.0","6.72","0.45"
"1275","1.0","0.0","4.5","0.51","2.0","0.0","3.0","0.0","9.0","0.0","7.0","0.0","1.0","0.0","6.5","0.51"
"1280","1.0","0.0","4.0","0.0","2.0","0.0","2.28","0.45","8.72","0.45","6.72","0.45","1.48","0.5","6.0","0.0"
"1300","1.0","0.0","7.0","0.0","2.0","0.0","6.52","0.5","6.42","0.5","9.0","0.0","1.0","0.0","8.74","0.44"
"1301","1.0","0.0","6.2","0.4","1.48","0.5","6.82","0.39","4.86","0.35","8.02","0.14","1.48","0.5","8.02","0.14"
"1302","1.0","0.0","6.0","0.0","2.0","0.0","6.8","0.4","4.32","0.47","8.58","0.5","1.38","0.49","8.0","0.0"
"1303","2.0","0.0","7.0","0.0","1.54","0.5","4.08","0.53","3.8","0.4","7.06","0.24","2.0","0.0","7.3","0.46"
"1310","2.0","0.0","4.54","0.86","2.0","0.0","2.38","0.49","8.0","0.0","4.56","0.5","2.0","0.0","7.18","0.39"
"1313","3.2","0.4","6.0","0.0","1.16","0.37","1.0","0.0","2.16","0.37","2.66","0.52","4.2","0.4","6.0","0.0"
"1321","1.0","0.0","7.88","0.33","1.0","0.0","6.88","0.33","3.76","0.43","9.0","0.0","1.0","0.0","9.0","0.0"
"1340","8.0","0.0","6.0","0.0","1.0","0.0","1.0","0.0","1.16","0.37","1.3","0.46","8.0","0.0","6.0","0.0"
"1390","2.8","0.4","5.7","0.46","1.0","0.0","1.0","0.0","5.02","0.32","6.0","0.0","2.8","0.4","6.86","0.35"
"1440","8.96","0.2","2.0","0.0","1.0","0.0","1.0","0.0","1.0","0.0","1.0","0.0","8.96","0.2","3.0","0.0"
"1450","4.0","0.0","2.0","0.0","1.0","0.0","1.0","0.0","1.0","0.0","1.0","0.0","5.0","0.0","2.0","0.0"
"1460","8.0","0.0","2.0","0.0","1.0","0.0","1.0","0.0","1.0","0.0","1.0","0.0","8.0","0.0","3.1","0.3"
"1463","9.0","0.0","3.12","0.33","1.0","0.0","1.0","0.0","1.0","0.0","1.0","0.0","9.0","0.0","4.8","0.4"
"1500","6.56","0.5","2.0","0.0","2.0","0.0","1.0","0.0","1.0","0.0","1.0","0.0","7.0","0.0","3.0","0.0"
"1510","7.0","0.0","2.0","0.0","1.0","0.0","1.0","0.0","1.0","0.0","1.78","0.42","7.58","0.5","4.16","0.37"
"1540","7.0","0.0","2.0","0.0","1.0","0.0","1.0","0.0","1.0","0.0","1.0","0.0","7.52","0.5","2.8","0.4"
"1560","3.0","0.0","7.0","0.0","1.0","0.0","2.0","0.0","1.0","0.0","5.8","0.4","3.46","0.5","7.42","0.5"
"1590","6.0","0.0","2.0","0.0","1.0","0.0","1.0","0.0","1.0","0.0","1.0","0.0","7.0","0.0","2.88","0.33"
"1600","6.0","0.0","2.0","0.0","1.0","0.0","1.0","0.0","1.0","0.0","1.0","0.0","6.94","0.24","2.0","0.0"
"1601","8.0","0.0","2.0","0.0","1.0","0.0","1.0","0.0","1.0","0.0","1.0","0.0","8.0","0.0","4.0","0.0"
"1602","7.0","0.0","3.0","0.0","1.0","0.0","1.0","0.0","1.0","0.0","1.0","0.0","7.98","0.14","3.0","0.0"
"1603","8.0","0.0","2.0","0.0","1.0","0.0","1.0","0.0","1.0","0.0","1.0","0.0","8.0","0.0","3.04","0.2"
"1604","8.0","0.0","2.0","0.0","1.0","0.0","1.0","0.0","1.0","0.0","1.0","0.0","8.0","0.0","3.0","0.0"
"1610","8.0","0.0","3.0","0.0","1.0","0.0","1.0","0.0","1.0","0.0","2.0","0.0","8.0","0.0","3.0","0.0"
"1616","2.0","0.0","7.22","0.42","1.0","0.0","1.36","0.48","6.48","0.5","4.58","0.5","2.0","0.0","7.0","0.0"
"1620","6.0","0.0","2.0","0.0","1.0","0.0","1.0","0.0","1.0","0.0","1.0","0.0","7.0","0.0","2.0","0.0"
"1640","3.0","0.0","2.0","0.0","2.0","0.0","1.0","0.0","1.0","0.0","2.0","0.0","3.26","0.44","2.96","0.2"
"1650","5.0","0.0","6.18","0.39","1.0","0.0","1.0","0.0","1.0","0.0","6.42","0.5","5.04","0.2","6.66","0.48"
"1660","2.0","0.0","2.0","0.0","4.6","0.49","3.82","0.39","2.0","0.0","3.0","0.0","2.38","0.49","3.0","0.0"
"1670","4.3","0.46","2.0","0.0","1.0","0.0","1.0","0.0","1.0","0.0","1.0","0.0","5.3","0.46","2.0","0.0"
"1710","9.0","0.0","2.0","0.0","1.0","0.0","1.0","0.0","1.0","0.0","1.0","0.0","9.0","0.0","4.16","0.37"
"1720","5.04","0.2","2.0","0.0","1.0","0.0","1.0","0.0","1.0","0.0","4.22","0.42","5.84","0.37","4.0","0.0"
"1721","7.2","0.4","2.0","0.0","1.0","0.0","1.0","0.0","1.0","0.0","2.0","0.0","8.0","0.0","4.0","0.0"
"1722","8.0","0.0","2.0","0.0","1.0","0.0","1.0","0.0","1.0","0.0","1.0","0.0","8.0","0.0","3.96","0.2"
"1740","4.0","0.0","7.0","0.0","1.7","0.46","1.0","0.0","1.0","0.0","2.92","0.27","5.0","0.0","6.0","0.0"
"1750","9.0","0.0","2.0","0.0","1.0","0.0","1.0","0.0","1.0","0.0","1.0","0.0","9.0","0.0","3.0","0.0"
"1810","3.46","0.5","2.04","0.2","1.08","0.27","1.06","0.24","2.0","0.0","3.26","0.44","3.8","0.4","3.02","0.14"
"1811","8.0","0.0","4.0","0.0","1.0","0.0","1.0","0.0","1.1","0.3","1.0","0.0","8.0","0.0","6.74","0.44"
"1812","7.0","0.0","2.0","0.0","1.0","0.0","1.0","0.0","1.0","0.0","1.0","0.0","7.96","0.2","3.0","0.0"
"1850","5.2","0.4","5.86","0.35","2.0","0.0","1.0","0.0","1.0","0.0","1.0","0.0","6.22","0.42","3.0","0.0"
"1900","6.8","0.4","4.18","0.39","1.0","0.0","1.0","0.0","2.0","0.0","1.56","0.5","7.04","0.2","4.2","0.4"
"1910","3.96","0.2","2.84","0.37","1.06","0.24","1.0","0.0","1.0","0.0","1.0","0.0","4.62","0.49","2.3","0.46"
"1920","8.0","0.0","4.0","0.0","1.0","0.0","1.0","0.0","1.0","0.0","1.0","0.0","8.0","0.0","4.6","0.49"
"1930","1.0","0.0","7.94","0.24","2.0","0.0","2.9","0.3","4.38","0.49","9.0","0.0","1.92","0.27","8.18","0.39"
"1931","1.0","0.0","7.0","0.0","1.0","0.0","2.0","0.0","2.9","0.3","8.88","0.33","1.74","0.44","8.0","0.0"
"1942","6.98","0.14","2.0","0.0","1.0","0.0","1.0","0.0","1.0","0.0","1.0","0.0","7.4","0.49","2.0","0.0"
"1945","2.4","0.49","5.92","0.27","1.4","0.49","1.0","0.0","7.0","0.0","2.0","0.0","2.4","0.49","6.0","0.0"
"1999","8.22","0.42","2.96","0.2","1.0","0.0","1.0","0.0","1.0","0.0","1.0","0.0","8.22","0.42","5.24","0.43"
"2000","8.0","0.0","2.0","0.0","1.0","0.0","1.0","0.0","1.0","0.0","1.0","0.0","8.0","0.0","3.74","0.44"
"2010","8.0","0.0","2.0","0.0","1.0","0.0","1.0","0.0","1.0","0.0","1.0","0.0","8.0","0.0","3.0","0.0"
"2020","8.0","0.0","2.0","0.0","1.0","0.0","1.0","0.0","1.0","0.0","1.0","0.0","8.0","0.0","4.0","0.0"
"2030","8.0","0.0","2.0","0.0","1.0","0.0","1.0","0.0","1.0","0.0","1.0","0.0","8.0","0.0","3.0","0.0"
"2040","8.6","0.49","2.0","0.0","1.0","0.0","1.0","0.0","1.0","0.0","1.0","0.0","8.6","0.49","4.0","0.0"
"2050","9.0","0.0","2.0","0.0","1.0","0.0","1.0","0.0","1.0","0.0","1.0","0.0","9.0","0.0","3.34","0.48"
"2053","2.0","0.0","6.14","0.35","8.0","0.0","2.0","0.0","3.04","0.2","7.24","0.43","2.0","0.0","7.22","0.42"
"2057","8.0","0.0","2.0","0.0","1.0","0.0","1.0","0.0","1.0","0.0","1.0","0.0","8.0","0.0","3.02","0.14"
"2058","8.0","0.0","4.0","0.0","1.0","0.0","1.0","0.0","1.0","0.0","1.0","0.0","8.0","0.0","4.0","0.0"
"2070","7.28","0.45","7.82","0.39","1.0","0.0","1.0","0.0","1.0","0.0","1.08","0.27","8.0","0.0","6.0","0.0"
"2080","7.0","0.0","4.0","0.0","1.0","0.0","1.0","0.0","1.0","0.0","1.0","0.0","7.94","0.24","4.0","0.0"
"2091","9.0","0.0","2.0","0.0","1.0","0.0","1.0","0.0","1.0","0.0","1.0","0.0","9.0","0.0","4.0","0.0"
"2092","5.2","0.4","5.96","0.2","3.66","0.48","1.48","0.5","2.08","0.27","2.38","0.49","5.22","0.42","6.06","0.24"
"2100","1.0","0.0","2.94","0.24","2.0","0.0","8.0","0.0","3.58","0.5","5.02","0.14","2.0","0.0","7.0","0.0"
"2110","1.0","0.0","1.94","0.24","2.0","0.0","8.0","0.0","3.52","0.5","5.02","0.14","1.96","0.2","6.9","0.3"
"2120","1.0","0.0","4.18","0.39","1.42","0.5","8.06","0.24","4.26","0.44","6.06","0.24","1.34","0.48","7.92","0.27"
"2130","1.0","0.0","2.0","0.0","2.0","0.0","9.0","0.0","6.58","0.5","4.4","0.49","1.0","0.0","8.0","0.0"
"2141","1.0","0.0","3.74","0.44","9.0","0.0","2.16","0.37","3.08","0.53","4.88","0.39","1.0","0.0","6.9","0.3"
"2150","8.0","0.0","2.0","0.0","1.0","0.0","1.0","0.0","1.42","0.5","1.0","0.0","8.0","0.0","3.1","0.3"
"2160","8.0","0.0","2.0","0.0","1.0","0.0","1.0","0.0","1.0","0.0","1.0","0.0","8.0","0.0","3.0","0.0"
"2165","9.0","0.0","2.0","0.0","1.0","0.0","1.0","0.0","1.0","0.0","1.0","0.0","9.0","0.0","3.1","0.3"
"2170","8.0","0.0","1.0","0.0","1.4","0.49","1.0","0.0","1.0","0.0","1.0","0.0","8.0","0.0","2.0","0.0"
"2190","2.0","0.0","1.46","0.5","3.7","0.46","1.72","0.45","1.0","0.0","1.0","0.0","3.0","0.0","2.0","0.0"
"2200","2.0","0.0","1.24","0.43","4.12","0.33","2.0","0.0","1.0","0.0","1.0","0.0","3.0","0.0","2.0","0.0"
"2205","1.0","0.0","2.0","0.0","8.54","0.5","2.0","0.0","3.12","0.33","4.58","0.5","1.3","0.46","4.4","0.49"
"2206","2.0","0.0","2.0","0.0","2.0","0.0","1.0","0.0","1.0","0.0","1.94","0.24","2.0","0.0","2.0","0.0"
"2208","8.0","0.0","6.0","0.0","1.0","0.0","1.0","0.0","1.0","0.0","1.0","0.0","8.0","0.0","6.16","0.37"
"2209","8.0","0.0","2.0","0.0","1.0","0.0","1.0","0.0","1.0","0.0","1.0","0.0","8.0","0.0","3.0","0.0"
"2210","2.0","0.0","2.0","0.0","3.2","0.4","2.0","0.0","1.0","0.0","1.9","0.3","2.9","0.3","2.0","0.0"
"2214","3.16","0.37","2.0","0.0","2.0","0.0","2.0","0.0","1.0","0.0","1.0","0.0","4.14","0.35","2.0","0.0"
"2215","2.0","0.0","2.72","0.45","2.0","0.0","2.18","0.39","1.18","0.39","1.18","0.39","2.12","0.33","2.1","0.3"
"2216","9.0","0.0","4.08","0.27","1.0","0.0","1.0","0.0","1.0","0.0","2.0","0.0","9.0","0.0","6.0","0.0"
"2220","2.0","0.0","2.34","0.48","2.0","0.0","4.76","0.59","2.0","0.0","3.18","0.39","2.0","0.0","5.96","0.2"
"2221","2.0","0.0","2.0","0.0","3.0","0.0","3.68","0.47","1.68","0.47","2.04","0.2","2.12","0.33","3.0","0.0"
"2230","2.0","0.0","2.0","0.0","7.06","0.24","2.0","0.0","1.0","0.0","2.0","0.0","2.0","0.0","3.0","0.0"
"2240","2.7","0.46","2.0","0.0","2.7","0.68","1.0","0.0","1.0","0.0","1.06","0.24","3.7","0.46","2.0","0.0"
"2250","2.0","0.0","2.0","0.0","4.58","0.5","1.0","0.0","1.0","0.0","1.68","0.47","3.0","0.0","2.46","0.5"
"2260","7.22","0.42","3.0","0.0","1.0","0.0","1.0","0.0","1.0","0.0","1.0","0.0","8.0","0.0","3.0","0.0"
"2270","3.0","0.0","2.16","0.37","3.0","0.0","1.0","0.0","1.0","0.0","1.0","0.0","3.96","0.2","2.0","0.0"
"2271","2.0","0.0","3.3","0.46","5.66","0.48","2.94","0.24","2.0","0.0","4.44","0.54","2.12","0.33","5.44","0.5"
"2276","1.0","0.0","2.0","0.0","8.0","0.0","2.0","0.0","1.0","0.0","3.0","0.0","2.0","0.0","5.04","0.35"
"2280","2.0","0.0","2.0","0.0","4.86","0.5","1.38","0.49","1.0","0.0","2.0","0.0","2.96","0.2","2.18","0.39"
"2303","9.0","0.0","2.76","0.43","1.0","0.0","1.02","0.14","1.0","0.0","1.0","0.0","9.0","0.0","7.34","0.48"
"2304","8.0","0.0","2.0","0.0","1.0","0.0","1.0","0.0","1.0","0.0","1.0","0.0","8.0","0.0","3.0","0.0"
"2310","8.0","0.0","1.0","0.0","1.0","0.0","1.0","0.0","1.0","0.0","1.0","0.0","8.0","0.0","2.06","0.24"
"2311","8.16","0.37","1.0","0.0","1.0","0.0","1.0","0.0","1.0","0.0","1.0","0.0","8.52","0.5","3.0","0.0"
"2312","3.0","0.0","3.5","0.51","6.0","0.0","2.0","0.0","1.0","0.0","4.46","0.5","3.0","0.0","4.02","0.14"
"2320","6.0","0.0","2.0","0.0","1.78","0.42","1.0","0.0","1.0","0.0","1.0","0.0","6.86","0.35","2.46","0.5"
"2331","6.98","0.14","2.0","0.0","1.0","0.0","1.0","0.0","1.0","0.0","1.0","0.0","7.76","0.43","2.0","0.0"
"2340","9.0","0.0","2.0","0.0","1.0","0.0","1.0","0.0","1.0","0.0","1.0","0.0","9.0","0.0","4.7","0.46"
"2341","8.0","0.0","2.1","0.3","1.0","0.0","1.0","0.0","1.0","0.0","1.0","0.0","8.0","0.0","3.72","0.45"
"2344","9.0","0.0","2.26","0.44","1.0","0.0","1.0","0.0","1.0","0.0","1.0","0.0","9.0","0.0","7.0","0.0"
"2345","9.0","0.0","2.0","0.0","1.0","0.0","1.0","0.0","1.0","0.0","1.0","0.0","9.0","0.0","6.0","0.0"
"2351","6.88","0.33","3.06","0.24","1.3","0.46","1.0","0.0","1.04","0.2","1.0","0.0","7.12","0.33","3.06","0.24"
"2352","9.0","0.0","5.94","0.24","1.0","0.0","1.0","0.0","1.0","0.0","1.0","0.0","9.0","0.0","6.92","0.27"
"2360","8.0","0.0","1.0","0.0","2.0","0.0","1.0","0.0","1.0","0.0","1.0","0.0","8.0","0.0","2.2","0.4"
"2370","8.0","0.0","2.0","0.0","1.0","0.0","1.0","0.0","1.0","0.0","1.0","0.0","8.0","0.0","3.0","0.0"
"2372","2.0","0.0","6.0","0.0","2.0","0.0","2.68","0.47","1.14","0.35","2.1","0.3","2.0","0.0","4.26","0.44"
"2381","4.0","0.0","2.0","0.0","2.88","0.33","1.0","0.0","1.0","0.0","1.0","0.0","4.06","0.24","2.0","0.0"
"2383","3.0","0.0","2.0","0.0","2.0","0.0","1.0","0.0","1.0","0.0","1.0","0.0","3.0","0.0","2.0","0.0"
"2385","2.0","0.0","1.54","0.5","7.02","0.14","2.0","0.0","1.02","0.14","2.0","0.0","2.0","0.0","2.9","0.3"
"2389","7.0","0.0","2.0","0.0","1.0","0.0","1.0","0.0","1.0","0.0","1.0","0.0","7.04","0.2","6.0","0.0"
"2391","8.0","0.0","4.0","0.0","1.0","0.0","1.0","0.0","2.0","0.0","1.0","0.0","8.0","0.0","4.0","0.0"
"2410","2.0","0.0","2.0","0.0","6.9","0.3","2.0","0.0","1.0","0.0","3.28","0.45","2.0","0.0","3.02","0.14"
"2440","2.0","0.0","1.0","0.0","4.08","0.27","2.04","0.2","1.0","0.0","1.12","0.33","2.74","0.44","2.0","0.0"
"2480","3.0","0.0","2.0","0.0","5.86","0.35","1.0","0.0","1.0","0.0","1.98","0.14","3.0","0.0","2.0","0.0"
"2485","4.0","0.0","2.0","0.0","3.04","0.2","1.0","0.0","1.0","0.0","1.0","0.0","4.0","0.0","2.0","0.0"
"2487","5.0","0.0","2.0","0.0","2.0","0.0","1.0","0.0","1.0","0.0","1.0","0.0","5.98","0.14","3.0","0.0"
"2490","2.0","0.0","2.0","0.0","6.0","0.0","1.0","0.0","3.0","0.0","1.2","0.4","2.0","0.0","2.0","0.0"
"2495","3.0","0.0","2.0","0.0","2.0","0.0","2.0","0.0","1.0","0.0","1.0","0.0","4.0","0.0","2.0","0.0"
"2500","7.0","0.0","2.0","0.0","2.0","0.0","1.0","0.0","1.0","0.0","1.0","0.0","7.02","0.14","2.0","0.0"
"2501","8.0","0.0","2.0","0.0","1.0","0.0","1.0","0.0","1.0","0.0","1.0","0.0","8.0","0.0","3.06","0.24"
"2510","8.0","0.0","2.0","0.0","2.0","0.0","1.0","0.0","1.0","0.0","1.0","0.0","8.0","0.0","3.0","0.0"
"2514","3.0","0.0","3.16","0.37","2.0","0.0","1.0","0.0","2.0","0.0","2.46","0.5","3.02","0.14","3.0","0.0"
"2515","6.5","0.51","2.0","0.0","1.0","0.0","1.0","0.0","1.0","0.0","1.0","0.0","7.0","0.0","2.34","0.48"
"2516","6.0","0.0","1.92","0.27","1.96","0.2","1.0","0.0","1.0","0.0","1.0","0.0","7.0","0.0","2.4","0.49"
"2518","5.12","0.33","1.84","0.37","2.72","0.45","1.0","0.0","1.0","0.0","1.0","0.0","5.94","0.37","2.0","0.0"
"2520","2.0","0.0","2.0","0.0","7.38","0.49","1.0","0.0","1.9","0.3","2.02","0.14","2.0","0.0","2.0","0.0"
"2530","8.7","0.46","2.0","0.0","1.0","0.0","1.0","0.0","1.0","0.0","1.0","0.0","8.7","0.46","3.7","0.46"
"2540","8.0","0.0","1.0","0.0","2.0","0.0","1.0","0.0","1.0","0.0","1.0","0.0","8.0","0.0","2.0","0.0"
"2550","9.0","0.0","2.0","0.0","1.0","0.0","1.0","0.0","1.0","0.0","1.0","0.0","9.0","0.0","3.0","0.0"
"2560","7.18","0.39","2.0","0.0","1.04","0.2","1.0","0.0","1.0","0.0","1.0","0.0","8.0","0.0","3.0","0.0"
"2570","2.0","0.0","2.0","0.0","3.0","0.0","3.82","0.39","1.82","0.39","1.7","0.46","2.84","0.37","2.46","0.5"
"2575","3.0","0.0","2.0","0.0","2.0","0.0","2.0","0.0","1.0","0.0","1.0","0.0","3.46","0.5","2.0","0.0"
"2580","4.0","0.0","2.0","0.0","2.0","0.0","1.0","0.0","1.0","0.0","1.0","0.0","5.0","0.0","2.0","0.0"
"2590","4.0","0.0","2.0","0.0","5.4","0.49","1.0","0.0","1.0","0.0","1.74","0.44","3.92","0.27","2.02","0.14"
"2600","3.44","0.5","4.76","0.43","2.0","0.0","2.0","0.0","1.96","0.2","1.24","0.43","3.52","0.54","3.1","0.3"
"2616","4.0","0.0","6.0","0.0","2.0","0.0","2.68","0.47","1.7","0.46","2.7","0.46","4.1","0.3","8.0","0.0"
"2620","3.0","0.0","2.0","0.0","4.86","0.35","1.0","0.0","1.0","0.0","1.0","0.0","3.6","0.49","2.0","0.0"
"2630","2.2","0.4","1.2","0.4","3.62","0.49","1.1","0.3","1.0","0.0","1.0","0.0","3.16","0.37","2.0","0.0"
"2650","6.0","0.0","3.54","0.5","2.0","0.0","1.0","0.0","1.0","0.0","1.0","0.0","6.46","0.5","3.0","0.0"
"2655","8.0","0.0","2.0","0.0","1.0","0.0","1.0","0.0","1.0","0.0","1.0","0.0","8.0","0.0","3.0","0.0"
"2660","8.0","0.0","4.0","0.0","1.0","0.0","1.0","0.0","1.0","0.0","1.0","0.0","8.0","0.0","4.0","0.0"
"2661","2.04","0.2","5.92","0.34","6.6","0.49","1.0","0.0","2.32","0.47","5.14","0.35","2.26","0.44","6.1","0.3"
"2681","2.0","0.0","5.2","0.4","2.0","0.0","3.04","0.2","2.0","0.0","6.02","0.14","2.0","0.0","6.02","0.14"
"2682","1.0","0.0","4.0","0.0","2.24","0.43","6.22","0.42","3.86","0.35","7.0","0.0","2.0","0.0","6.16","0.37"
"2690","1.0","0.0","4.0","0.0","3.02","0.38","6.04","0.53","5.0","0.45","8.0","0.0","2.0","0.0","7.0","0.0"
"2691","1.0","0.0","6.7","0.46","6.86","0.35","8.0","0.0","5.32","0.47","7.16","0.37","1.98","0.14","8.0","0.0"
"2692","1.0","0.0","8.0","0.0","4.52","0.5","4.94","0.87","5.86","0.81","9.0","0.0","1.0","0.0","9.0","0.0"
"2700","1.0","0.0","3.7","0.46","9.0","0.0","3.28","0.45","2.0","0.0","4.7","0.46","1.0","0.0","7.0","0.0"
"2702","3.14","0.35","3.86","0.35","3.34","0.48","2.0","0.0","2.44","0.5","1.98","0.14","3.14","0.35","5.1","0.3"
"2710","1.0","0.0","2.0","0.0","7.6","0.49","2.0","0.0","7.0","0.0","5.14","0.45","1.0","0.0","5.1","0.81"
"2720","1.0","0.0","4.0","0.0","2.14","0.35","2.32","0.47","8.0","0.0","2.0","0.0","2.0","0.0","4.64","0.48"
"2722","1.0","0.0","2.0","0.0","7.78","0.42","4.0","0.0","3.0","0.0","5.0","0.0","1.32","0.47","3.8","0.4"
"2730","2.0","0.0","6.36","0.48","5.5","0.51","2.0","0.0","7.8","0.4","3.06","0.24","2.0","0.0","6.0","0.0"
"2749","3.0","0.0","2.0","0.0","2.84","0.37","2.0","0.0","1.06","0.24","1.06","0.24","3.0","0.0","2.0","0.0"
"2750","2.0","0.0","2.0","0.0","7.06","0.24","2.0","0.0","4.54","0.5","2.36","0.48","2.0","0.0","2.44","0.5"
"2751","1.0","0.0","6.0","0.0","4.6","0.49","6.8","0.4","7.64","0.48","7.36","0.48","1.54","0.5","7.0","0.0"
"2752","2.0","0.0","2.0","0.0","6.0","0.0","2.0","0.0","3.28","0.45","2.0","0.0","2.0","0.0","2.86","0.35"
"2753","1.92","0.27","2.0","0.0","7.0","0.0","2.02","0.14","5.0","0.0","3.04","0.2","2.0","0.0","3.28","0.45"
"2791","8.0","0.0","5.8","0.4","1.0","0.0","1.0","0.0","1.0","0.0","1.04","0.2","8.0","0.0","6.0","0.0"
"2800","1.0","0.0","2.92","0.27","9.0","0.0","3.0","0.0","2.28","0.45","4.9","0.42","1.0","0.0","6.72","0.45"
"2810","1.0","0.0","3.9","0.3","2.34","0.48","8.0","0.0","2.0","0.0","3.0","0.0","2.0","0.0","8.0","0.0"
"2830","1.94","0.24","5.88","0.33","6.76","0.43","2.76","0.43","1.76","0.43","5.82","0.39","2.06","0.24","6.82","0.39"
"2840","2.0","0.0","1.38","0.49","5.7","0.46","1.0","0.0","1.0","0.0","1.0","0.0","2.04","0.2","2.0","0.0"
"2850","6.98","0.14","3.0","0.0","1.0","0.0","1.0","0.0","1.0","0.0","1.0","0.0","7.0","0.0","3.92","0.27"
"2870","7.0","0.0","2.0","0.0","1.0","0.0","1.0","0.0","1.0","0.0","1.0","0.0","7.0","0.0","3.0","0.0"
"2880","4.0","0.0","2.0","0.0","2.0","0.0","1.0","0.0","1.0","0.0","1.0","0.0","4.38","0.49","2.0","0.0"
"2890","2.9","0.3","6.88","0.33","1.0","0.0","1.0","0.0","1.0","0.0","2.08","0.27","3.0","0.4","5.86","0.35"
"2900","1.0","0.0","4.0","0.0","8.94","0.24","3.8","0.4","2.52","0.5","6.74","0.44","1.0","0.0","7.9","0.3"
"3000","1.0","0.0","7.04","0.2","8.0","0.0","5.04","0.73","9.0","0.0","8.1","0.3","1.0","0.0","8.16","0.37"
"3010","1.0","0.0","8.0","0.0","8.72","0.45","7.3","0.46","9.0","0.0","9.0","0.0","1.0","0.0","9.0","0.0"
"3015","1.0","0.0","8.0","0.0","8.98","0.14","6.68","0.47","9.0","0.0","8.22","0.42","1.0","0.0","8.72","0.45"
"3022","1.22","0.42","7.44","0.5","2.0","0.0","6.5","0.61","3.04","0.2","7.96","0.2","2.0","0.0","8.16","0.37"
"3030","1.0","0.0","6.0","0.0","8.0","0.0","4.56","0.5","9.0","0.0","8.0","0.0","1.0","0.0","8.0","0.0"
"3051","1.0","0.0","7.0","0.0","8.6","0.49","6.6","0.49","9.0","0.0","8.0","0.0","1.0","0.0","8.0","0.0"
"3053","1.0","0.0","6.92","0.27","9.0","0.0","6.76","0.43","9.0","0.0","8.22","0.42","1.0","0.0","8.1","0.3"
"3060","1.0","0.0","7.86","0.35","8.5","0.51","6.14","0.67","9.0","0.0","8.08","0.27","1.0","0.0","8.86","0.35"
"3061","1.0","0.0","6.64","0.48","6.96","0.75","5.32","0.98","9.0","0.0","8.98","0.14","1.0","0.0","8.26","0.44"
"3062","1.0","0.0","6.18","0.39","8.0","0.0","3.8","0.4","9.0","0.0","8.0","0.0","1.0","0.0","8.0","0.0"
"3063","1.0","0.0","8.0","0.0","9.0","0.0","7.0","0.0","9.0","0.0","8.0","0.0","1.0","0.0","8.0","0.0"
"3064","1.0","0.0","8.0","0.0","9.0","0.0","8.0","0.0","9.0","0.0","9.0","0.0","1.0","0.0","9.0","0.0"
"3071","1.0","0.0","7.66","0.48","8.0","0.0","6.18","0.56","9.0","0.0","8.9","0.3","1.0","0.0","8.82","0.39"
"3080","1.0","0.0","8.0","0.0","8.0","0.0","4.24","0.43","9.0","0.0","8.84","0.37","1.0","0.0","8.96","0.2"
"3100","1.0","0.0","6.28","0.45","9.0","0.0","6.5","0.61","9.0","0.0","8.0","0.0","1.0","0.0","8.0","0.0"
"3102","1.0","0.0","7.89","0.32","9.0","0.0","6.69","0.47","9.0","0.0","8.94","0.24","1.0","0.0","8.94","0.24"
"3110","1.0","0.0","6.9","0.3","7.96","0.2","3.7","0.46","9.0","0.0","7.78","0.42","1.0","0.0","8.0","0.0"
"3120","1.0","0.0","6.44","0.5","8.6","0.49","6.86","0.4","9.0","0.0","8.0","0.0","1.0","0.0","8.0","0.0"
"3130","1.0","0.0","7.18","0.39","8.52","0.5","6.92","0.27","9.0","0.0","8.0","0.0","1.0","0.0","8.24","0.43"
"3140","1.0","0.0","6.52","0.5","8.0","0.0","4.38","0.49","9.0","0.0","7.94","0.24","1.0","0.0","8.0","0.0"
"3150","1.0","0.0","6.72","0.45","7.08","0.27","4.18","0.39","9.0","0.0","8.0","0.0","1.0","0.0","8.0","0.0"
"3160","1.0","0.0","2.0","0.0","4.56","0.5","1.96","0.2","7.82","0.39","3.54","0.54","2.0","0.0","4.04","0.35"
"3168","1.0","0.0","4.9","0.91","8.42","0.5","5.2","0.86","9.0","0.0","8.1","0.3","1.0","0.0","8.0","0.0"
"3170","1.0","0.0","6.58","0.5","8.0","0.0","3.22","0.42","9.0","0.0","7.44","0.5","1.0","0.0","8.0","0.0"
"3180","1.0","0.0","2.02","0.14","8.0","0.0","7.0","0.0","5.6","0.57","7.0","0.0","1.0","0.0","6.2","0.4"
"3181","1.0","0.0","4.0","0.0","8.78","0.42","7.78","0.42","7.0","0.0","7.8","0.4","1.0","0.0","7.0","0.0"
"3190","1.0","0.0","5.8","0.41","7.2","0.41","3.4","0.51","8.0","0.0","5.6","0.51","1.0","0.0","6.2","0.41"
"3210","2.0","0.0","3.76","0.43","3.1","0.3","1.0","0.0","4.16","0.42","4.62","0.49","2.0","0.0","5.94","0.24"
"3220","1.0","0.0","2.0","0.0","8.0","0.0","2.08","0.27","3.52","0.5","5.26","0.44","1.48","0.5","6.04","0.2"
"3230","1.0","0.0","2.64","0.48","8.0","0.0","2.0","0.0","3.74","0.44","7.0","0.0","1.0","0.0","6.0","0.0"
"3250","1.0","0.0","5.52","0.58","2.58","0.5","1.58","0.5","9.0","0.0","4.88","0.52","1.0","0.0","7.0","0.0"
"3261","1.0","0.0","6.5","0.51","8.52","0.5","4.2","0.49","9.0","0.0","7.84","0.37","1.0","0.0","8.0","0.0"
"3266","1.0","0.0","6.96","0.2","9.0","0.0","5.18","0.85","9.0","0.0","8.0","0.0","1.0","0.0","8.0","0.0"
"3280","1.38","0.49","2.28","0.45","3.08","0.4","3.92","0.27","4.52","0.65","5.62","0.49","2.0","0.0","6.06","0.24"
"3300","1.0","0.0","2.0","0.0","8.0","0.0","3.0","0.0","3.12","0.33","5.4","0.49","1.18","0.39","6.0","0.0"
"3301","1.0","0.0","5.24","0.96","9.0","0.0","6.66","0.52","8.44","0.5","8.28","0.45","1.0","0.0","8.0","0.0"
"3350","1.0","0.0","5.84","0.37","8.0","0.0","2.0","0.0","3.86","0.35","7.22","0.42","1.9","0.3","7.26","0.44"
"3400","1.0","0.0","7.3","0.46","8.0","0.0","4.64","0.53","9.0","0.0","8.0","0.0","1.0","0.0","8.02","0.14"
"3500","1.0","0.0","8.0","0.0","7.52","0.5","6.96","0.2","7.2","0.4","9.0","0.0","1.0","0.0","9.0","0.0"
"3530","1.0","0.0","7.92","0.27","7.0","0.0","8.0","0.0","7.64","0.48","9.0","0.0","1.0","0.0","9.0","0.0"
"3550","1.0","0.0","8.0","0.0","7.0","0.0","6.2","0.4","8.96","0.2","8.9","0.3","1.0","0.0","8.62","0.49"
"4000","4.0","0.0","2.0","0.0","1.0","0.0","1.0","0.0","2.0","0.0","1.0","0.0","4.68","0.47","3.0","0.0"
"4001","5.92","0.27","3.2","0.4","1.0","0.0","1.0","0.0","2.0","0.0","1.0","0.0","6.36","0.48","7.0","0.0"
"4002","BLOCKED","BLOCKED","BLOCKED","BLOCKED","BLOCKED","BLOCKED","BLOCKED","BLOCKED","BLOCKED","BLOCKED","BLOCKED","BLOCKED","BLOCKED","BLOCKED","BLOCKED","BLOCKED"
"4003","BLOCKED","BLOCKED","BLOCKED","BLOCKED","BLOCKED","BLOCKED","BLOCKED","BLOCKED","BLOCKED","BLOCKED","BLOCKED","BLOCKED","BLOCKED","BLOCKED","BLOCKED","BLOCKED"
"4004","8.0","0.0","2.0","0.0","1.0","0.0","1.0","0.0","1.52","0.5","1.0","0.0","8.0","0.0","5.86","0.35"
"4005","4.0","0.0","2.0","0.0","2.0","0.0","1.0","0.0","1.16","0.37","1.0","0.0","5.0","0.0","6.0","0.0"
"4100","5.06","0.24","2.0","0.0","1.0","0.0","1.0","0.0","1.0","0.0","1.0","0.0","6.02","0.14","3.08","0.27"
"4150","8.0","0.0","2.0","0.0","1.0","0.0","1.0","0.0","2.0","0.0","1.0","0.0","8.0","0.0","6.0","0.0"
"4180","BLOCKED","BLOCKED","BLOCKED","BLOCKED","BLOCKED","BLOCKED","BLOCKED","BLOCKED","BLOCKED","BLOCKED","BLOCKED","BLOCKED","BLOCKED","BLOCKED","BLOCKED","BLOCKED"
"4210","BLOCKED","BLOCKED","BLOCKED","BLOCKED","BLOCKED","BLOCKED","BLOCKED","BLOCKED","BLOCKED","BLOCKED","BLOCKED","BLOCKED","BLOCKED","BLOCKED","BLOCKED","BLOCKED"
"4220","7.0","0.0","2.0","0.0","1.0","0.0","1.0","0.0","2.28","0.45","1.0","0.0","7.0","0.0","6.34","0.48"
"4230","2.0","0.0","7.0","0.0","2.16","0.37","2.0","0.0","5.24","0.59","4.48","0.5","2.0","0.0","6.46","0.5"
"4232","BLOCKED","BLOCKED","BLOCKED","BLOCKED","BLOCKED","BLOCKED","BLOCKED","BLOCKED","BLOCKED","BLOCKED","BLOCKED","BLOCKED","BLOCKED","BLOCKED","BLOCKED","BLOCKED"
"4233","5.58","0.5","2.54","0.5","1.0","0.0","1.0","0.0","2.0","0.0","1.0","0.0","5.58","0.5","6.0","0.0"
"4235","BLOCKED","BLOCKED","BLOCKED","BLOCKED","BLOCKED","BLOCKED","BLOCKED","BLOCKED","BLOCKED","BLOCKED","BLOCKED","BLOCKED","BLOCKED","BLOCKED","BLOCKED","BLOCKED"
"4240","BLOCKED","BLOCKED","BLOCKED","BLOCKED","BLOCKED","BLOCKED","BLOCKED","BLOCKED","BLOCKED","BLOCKED","BLOCKED","BLOCKED","BLOCKED","BLOCKED","BLOCKED","BLOCKED"
"4250","6.0","0.0","2.0","0.0","1.0","0.0","1.0","0.0","1.0","0.0","1.0","0.0","7.0","0.0","3.66","0.48"
"4274","6.0","0.0","5.02","0.14","1.0","0.0","1.0","0.0","2.0","0.0","1.0","0.0","6.44","0.5","6.7","0.46"
"4275","6.18","0.39","3.0","0.0","1.0","0.0","1.0","0.0","2.0","0.0","1.0","0.0","7.0","0.0","7.18","0.39"
"4279","6.0","0.0","3.62","0.49","1.0","0.0","1.0","0.0","2.0","0.0","1.0","0.0","6.44","0.5","7.02","0.14"
"4290","BLOCKED","BLOCKED","BLOCKED","BLOCKED","BLOCKED","BLOCKED","BLOCKED","BLOCKED","BLOCKED","BLOCKED","BLOCKED","BLOCKED","BLOCKED","BLOCKED","BLOCKED","BLOCKED"
"4300","BLOCKED","BLOCKED","BLOCKED","BLOCKED","BLOCKED","BLOCKED","BLOCKED","BLOCKED","BLOCKED","BLOCKED","BLOCKED","BLOCKED","BLOCKED","BLOCKED","BLOCKED","BLOCKED"
"4302","BLOCKED","BLOCKED","BLOCKED","BLOCKED","BLOCKED","BLOCKED","BLOCKED","BLOCKED","BLOCKED","BLOCKED","BLOCKED","BLOCKED","BLOCKED","BLOCKED","BLOCKED","BLOCKED"
"4310","BLOCKED","BLOCKED","BLOCKED","BLOCKED","BLOCKED","BLOCKED","BLOCKED","BLOCKED","BLOCKED","BLOCKED","BLOCKED","BLOCKED","BLOCKED","BLOCKED","BLOCKED","BLOCKED"
"4320","4.0","0.0","3.0","0.0","1.0","0.0","1.0","0.0","2.0","0.0","1.0","0.0","4.0","0.0","6.31","0.47"
"4460","BLOCKED","BLOCKED","BLOCKED","BLOCKED","BLOCKED","BLOCKED","BLOCKED","BLOCKED","BLOCKED","BLOCKED","BLOCKED","BLOCKED","BLOCKED","BLOCKED","BLOCKED","BLOCKED"
"4470","4.0","0.0","2.0","0.0","2.04","0.2","1.0","0.0","2.36","0.49","1.0","0.0","4.0","0.0","3.36","0.49"
"4490","BLOCKED","BLOCKED","BLOCKED","BLOCKED","BLOCKED","BLOCKED","BLOCKED","BLOCKED","BLOCKED","BLOCKED","BLOCKED","BLOCKED","BLOCKED","BLOCKED","BLOCKED","BLOCKED"
"4500","6.88","0.33","2.0","0.0","1.0","0.0","1.0","0.0","1.0","0.0","1.0","0.0","7.02","0.14","5.4","0.49"
"4510","7.0","0.0","2.0","0.0","1.0","0.0","1.0","0.0","1.0","0.0","1.0","0.0","7.82","0.39","4.0","0.0"
"4520","6.0","0.0","2.82","0.39","1.0","0.0","1.0","0.0","2.0","0.0","1.0","0.0","6.56","0.5","4.84","0.37"
"4530","BLOCKED","BLOCKED","BLOCKED","BLOCKED","BLOCKED","BLOCKED","BLOCKED","BLOCKED","BLOCKED","BLOCKED","BLOCKED","BLOCKED","BLOCKED","BLOCKED","BLOCKED","BLOCKED"
"4531","7.22","0.42","2.0","0.0","1.0","0.0","1.0","0.0","1.0","0.0","1.0","0.0","7.98","0.14","6.0","0.0"
"4532","8.0","0.0","2.0","0.0","1.0","0.0","1.0","0.0","1.0","0.0","1.0","0.0","8.0","0.0","3.14","0.35"
"4533","8.0","0.0","2.0","0.0","1.0","0.0","1.0","0.0","1.0","0.0","1.0","0.0","8.0","0.0","6.78","0.42"
"4534","3.44","0.5","2.0","0.0","1.02","0.14","1.0","0.0","1.0","0.0","1.0","0.0","4.44","0.5","4.36","0.48"
"4535","3.98","0.14","1.98","0.14","1.0","0.0","1.0","0.0","1.0","0.0","1.0","0.0","5.0","0.0","5.8","0.4"
"4536","5.28","0.45","2.0","0.0","1.0","0.0","1.0","0.0","1.0","0.0","1.0","0.0","6.22","0.42","4.14","0.35"
"4550","BLOCKED","BLOCKED","BLOCKED","BLOCKED","BLOCKED","BLOCKED","BLOCKED","BLOCKED","BLOCKED","BLOCKED","BLOCKED","BLOCKED","BLOCKED","BLOCKED","BLOCKED","BLOCKED"
"4561","BLOCKED","BLOCKED","BLOCKED","BLOCKED","BLOCKED","BLOCKED","BLOCKED","BLOCKED","BLOCKED","BLOCKED","BLOCKED","BLOCKED","BLOCKED","BLOCKED","BLOCKED","BLOCKED"
"4571","8.0","0.0","2.0","0.0","1.0","0.0","1.0","0.0","1.0","0.0","1.0","0.0","8.0","0.0","4.82","0.75"
"4572","8.0","0.0","2.0","0.0","1.0","0.0","1.0","0.0","1.0","0.0","1.0","0.0","8.0","0.0","5.92","0.27"
"4598","7.12","0.33","4.4","0.64","4.6","0.49","1.0","0.0","1.0","0.0","2.02","0.14","6.96","0.2","6.66","0.48"
"4599","8.0","0.0","2.0","0.0","1.0","0.0","1.0","0.0","1.0","0.0","1.0","0.0","8.0","0.0","6.12","0.33"
"4601","8.0","0.0","2.0","0.0","1.0","0.0","1.0","0.0","1.0","0.0","1.0","0.0","8.0","0.0","6.0","0.0"
"4603","8.0","0.0","4.8","0.4","1.0","0.0","1.0","0.0","1.0","0.0","1.0","0.0","8.0","0.0","5.0","0.0"
"4605","4.0","0.0","2.0","0.0","1.0","0.0","1.0","0.0","1.0","0.0","1.0","0.0","4.96","0.2","2.48","0.5"
"4606","6.26","0.44","1.0","0.0","2.0","0.0","1.0","0.0","1.0","0.0","1.0","0.0","7.0","0.0","4.3","0.46"
"4607","8.0","0.0","2.0","0.0","1.0","0.0","1.0","0.0","1.0","0.0","1.0","0.0","8.0","0.0","6.0","0.0"
"4608","7.0","0.0","2.0","0.0","1.0","0.0","1.0","0.0","2.0","0.0","1.0","0.0","7.0","0.0","8.0","0.0"
"4609","7.06","0.24","2.0","0.0","1.0","0.0","1.0","0.0","1.0","0.0","1.0","0.0","7.94","0.24","6.94","0.24"
"4610","4.0","0.0","1.0","0.0","4.56","0.5","1.0","0.0","1.0","0.0","1.0","0.0","4.0","0.0","2.18","0.39"
"4611","7.25","0.44","2.0","0.0","1.0","0.0","1.0","0.0","2.0","0.0","1.0","0.0","7.25","0.44","6.97","0.17"
"4613","3.0","0.0","3.2","0.57","1.0","0.0","1.0","0.0","2.5","0.51","1.0","0.0","3.64","0.48","2.16","0.37"
"4614","8.0","0.0","5.74","0.44","1.0","0.0","1.0","0.0","1.0","0.0","1.0","0.0","8.0","0.0","4.5","0.51"
"4617","7.52","0.5","2.0","0.0","1.0","0.0","1.0","0.0","1.0","0.0","1.0","0.0","8.0","0.0","3.36","0.48"
"4621","1.0","0.0","4.16","0.37","5.82","0.39","7.0","0.0","7.68","0.47","6.98","0.14","1.08","0.27","6.28","0.45"
"4631","7.0","0.0","2.0","0.0","1.0","0.0","1.0","0.0","2.0","0.0","1.0","0.0","7.0","0.0","6.0","0.0"
"4635","BLOCKED","BLOCKED","BLOCKED","BLOCKED","BLOCKED","BLOCKED","BLOCKED","BLOCKED","BLOCKED","BLOCKED","BLOCKED","BLOCKED","BLOCKED","BLOCKED","BLOCKED","BLOCKED"
"4640","8.0","0.0","2.0","0.0","1.0","0.0","1.0","0.0","1.0","0.0","1.0","0.0","8.0","0.0","6.0","0.0"
"4641","8.0","0.0","2.0","0.0","1.0","0.0","1.0","0.0","1.0","0.0","1.0","0.0","8.0","0.0","5.14","0.35"
"4650","6.0","0.0","2.0","0.0","2.0","0.0","1.0","0.0","1.0","0.0","1.0","0.0","7.0","0.0","6.0","0.0"
"4651","BLOCKED","BLOCKED","BLOCKED","BLOCKED","BLOCKED","BLOCKED","BLOCKED","BLOCKED","BLOCKED","BLOCKED","BLOCKED","BLOCKED","BLOCKED","BLOCKED","BLOCKED","BLOCKED"
"4652","BLOCKED","BLOCKED","BLOCKED","BLOCKED","BLOCKED","BLOCKED","BLOCKED","BLOCKED","BLOCKED","BLOCKED","BLOCKED","BLOCKED","BLOCKED","BLOCKED","BLOCKED","BLOCKED"
"4653","7.0","0.0","2.0","0.0","1.0","0.0","1.0","0.0","1.78","0.42","1.0","0.0","7.34","0.48","8.0","0.0"
"4656","BLOCKED","BLOCKED","BLOCKED","BLOCKED","BLOCKED","BLOCKED","BLOCKED","BLOCKED","BLOCKED","BLOCKED","BLOCKED","BLOCKED","BLOCKED","BLOCKED","BLOCKED","BLOCKED"
"4658","BLOCKED","BLOCKED","BLOCKED","BLOCKED","BLOCKED","BLOCKED","BLOCKED","BLOCKED","BLOCKED","BLOCKED","BLOCKED","BLOCKED","BLOCKED","BLOCKED","BLOCKED","BLOCKED"
"4659","BLOCKED","BLOCKED","BLOCKED","BLOCKED","BLOCKED","BLOCKED","BLOCKED","BLOCKED","BLOCKED","BLOCKED","BLOCKED","BLOCKED","BLOCKED","BLOCKED","BLOCKED","BLOCKED"
"4660","6.38","0.49","2.0","0.0","1.0","0.0","1.0","0.0","2.34","0.48","1.0","0.0","6.5","0.51","8.28","0.45"
"4664","BLOCKED","BLOCKED","BLOCKED","BLOCKED","BLOCKED","BLOCKED","BLOCKED","BLOCKED","BLOCKED","BLOCKED","BLOCKED","BLOCKED","BLOCKED","BLOCKED","BLOCKED","BLOCKED"
"4666","BLOCKED","BLOCKED","BLOCKED","BLOCKED","BLOCKED","BLOCKED","BLOCKED","BLOCKED","BLOCKED","BLOCKED","BLOCKED","BLOCKED","BLOCKED","BLOCKED","BLOCKED","BLOCKED"
"4669","BLOCKED","BLOCKED","BLOCKED","BLOCKED","BLOCKED","BLOCKED","BLOCKED","BLOCKED","BLOCKED","BLOCKED","BLOCKED","BLOCKED","BLOCKED","BLOCKED","BLOCKED","BLOCKED"
"4670","BLOCKED","BLOCKED","BLOCKED","BLOCKED","BLOCKED","BLOCKED","BLOCKED","BLOCKED","BLOCKED","BLOCKED","BLOCKED","BLOCKED","BLOCKED","BLOCKED","BLOCKED","BLOCKED"
"4672","BLOCKED","BLOCKED","BLOCKED","BLOCKED","BLOCKED","BLOCKED","BLOCKED","BLOCKED","BLOCKED","BLOCKED","BLOCKED","BLOCKED","BLOCKED","BLOCKED","BLOCKED","BLOCKED"
"4680","BLOCKED","BLOCKED","BLOCKED","BLOCKED","BLOCKED","BLOCKED","BLOCKED","BLOCKED","BLOCKED","BLOCKED","BLOCKED","BLOCKED","BLOCKED","BLOCKED","BLOCKED","BLOCKED"
"4681","BLOCKED","BLOCKED","BLOCKED","BLOCKED","BLOCKED","BLOCKED","BLOCKED","BLOCKED","BLOCKED","BLOCKED","BLOCKED","BLOCKED","BLOCKED","BLOCKED","BLOCKED","BLOCKED"
"4683","BLOCKED","BLOCKED","BLOCKED","BLOCKED","BLOCKED","BLOCKED","BLOCKED","BLOCKED","BLOCKED","BLOCKED","BLOCKED","BLOCKED","BLOCKED","BLOCKED","BLOCKED","BLOCKED"
"4687","7.0","0.0","2.0","0.0","1.0","0.0","1.0","0.0","2.2","0.4","1.0","0.0","7.0","0.0","8.0","0.0"
"4689","7.0","0.0","2.0","0.0","1.0","0.0","1.0","0.0","2.0","0.0","1.0","0.0","7.0","0.0","7.84","0.37"
"4690","BLOCKED","BLOCKED","BLOCKED","BLOCKED","BLOCKED","BLOCKED","BLOCKED","BLOCKED","BLOCKED","BLOCKED","BLOCKED","BLOCKED","BLOCKED","BLOCKED","BLOCKED","BLOCKED"
"4700","7.0","0.0","2.0","0.0","1.0","0.0","1.0","0.0","1.0","0.0","1.0","0.0","7.98","0.14","3.0","0.0"
"4750","BLOCKED","BLOCKED","BLOCKED","BLOCKED","BLOCKED","BLOCKED","BLOCKED","BLOCKED","BLOCKED","BLOCKED","BLOCKED","BLOCKED","BLOCKED","BLOCKED","BLOCKED","BLOCKED"
"4770","7.0","0.0","2.0","0.0","1.0","0.0","1.0","0.0","2.0","0.0","1.0","0.0","7.0","0.0","8.0","0.0"
"4800","BLOCKED","BLOCKED","BLOCKED","BLOCKED","BLOCKED","BLOCKED","BLOCKED","BLOCKED","BLOCKED","BLOCKED","BLOCKED","BLOCKED","BLOCKED","BLOCKED","BLOCKED","BLOCKED"
"4810","BLOCKED","BLOCKED","BLOCKED","BLOCKED","BLOCKED","BLOCKED","BLOCKED","BLOCKED","BLOCKED","BLOCKED","BLOCKED","BLOCKED","BLOCKED","BLOCKED","BLOCKED","BLOCKED"
"5000","7.0","0.0","2.38","0.49","1.0","0.0","1.0","0.0","1.0","0.0","1.0","0.0","7.7","0.46","3.0","0.0"
"5001","8.0","0.0","2.0","0.0","1.0","0.0","1.0","0.0","1.0","0.0","1.0","0.0","8.0","0.0","3.58","0.5"
"5010","6.96","0.2","2.0","0.0","1.0","0.0","1.0","0.0","1.0","0.0","1.0","0.0","7.64","0.48","2.14","0.35"
"5020","6.0","0.0","2.0","0.0","1.0","0.0","1.0","0.0","1.0","0.0","1.0","0.0","7.0","0.0","2.38","0.49"
"5030","7.0","0.0","3.0","0.0","1.0","0.0","1.0","0.0","1.0","0.0","1.0","0.0","7.46","0.5","3.0","0.0"
"5120","1.0","0.0","4.0","0.0","4.08","0.53","1.9","0.3","6.58","0.5","4.48","0.68","2.0","0.0","4.06","0.51"
"5130","2.0","0.0","2.0","0.0","2.0","0.0","1.0","0.0","4.5","0.51","1.0","0.0","2.0","0.0","2.0","0.0"
"5200","7.0","0.0","2.0","0.0","1.0","0.0","1.0","0.0","1.0","0.0","1.0","0.0","8.0","0.0","3.0","0.0"
"5201","7.0","0.0","2.0","0.0","1.0","0.0","1.0","0.0","1.0","0.0","1.0","0.0","8.0","0.0","2.9","0.3"
"5220","4.6","0.49","4.46","0.58","2.0","0.0","1.0","0.0","1.0","0.0","4.26","0.44","4.76","0.59","4.28","0.5"
"5250","3.58","0.5","6.0","0.0","3.24","0.43","1.86","0.35","1.32","0.47","5.98","0.14","3.58","0.5","6.0","0.0"
"5260","7.0","0.0","8.0","0.0","1.0","0.0","1.0","0.0","1.0","0.0","3.0","0.0","7.68","0.47","7.0","0.0"
"5270","5.26","0.44","8.0","0.0","2.0","0.0","1.0","0.0","1.0","0.0","5.0","0.0","5.88","0.48","8.0","0.0"
"5300","5.32","0.47","7.0","0.0","2.0","0.0","1.0","0.0","1.0","0.0","2.0","0.0","6.32","0.47","5.9","0.3"
"5390","6.0","0.0","2.0","0.0","2.0","0.0","1.0","0.0","1.0","0.0","1.0","0.0","6.58","0.5","2.0","0.0"
"5395","2.0","0.0","5.36","0.78","4.5","0.58","2.94","0.37","3.58","0.54","4.8","0.53","2.3","0.46","5.56","0.54"
"5410","5.0","0.0","1.88","0.33","3.3","0.46","1.0","0.0","1.0","0.0","1.0","0.0","5.7","0.46","2.6","0.49"
"5450","7.0","0.0","8.0","0.0","1.0","0.0","1.0","0.0","1.0","0.0","3.64","0.48","7.98","0.14","8.0","0.0"
"5455","3.48","0.5","2.0","0.0","1.96","0.2","1.0","0.0","1.0","0.0","1.22","0.42","4.38","0.49","3.0","0.0"
"5460","7.0","0.0","8.0","0.0","1.0","0.0","1.0","0.0","1.0","0.0","4.82","0.39","7.88","0.33","7.66","0.48"
"5470","8.0","0.0","8.4","0.49","1.0","0.0","1.0","0.0","1.0","0.0","4.56","0.5","8.0","0.0","7.0","0.0"
"5480","8.0","0.0","7.82","0.39","1.0","0.0","1.0","0.0","1.0","0.0","2.0","0.0","8.0","0.0","8.0","0.0"
"5500","2.9","0.3","2.0","0.0","1.96","0.2","1.0","0.0","3.0","0.0","1.18","0.39","2.9","0.3","2.0","0.0"
"5510","3.0","0.0","3.0","0.0","1.0","0.0","1.0","0.0","2.36","0.48","1.08","0.27","3.04","0.2","2.0","0.0"
"5520","3.14","0.35","2.0","0.0","1.0","0.0","1.0","0.0","2.0","0.0","1.0","0.0","3.24","0.43","2.0","0.0"
"5530","3.0","0.0","2.0","0.0","1.3","0.46","1.0","0.0","2.74","0.66","1.22","0.42","3.0","0.0","2.0","0.0"
"5531","3.0","0.0","2.0","0.0","1.0","0.0","1.0","0.0","3.0","0.0","1.0","0.0","3.0","0.0","2.0","0.0"
"5532","2.0","0.0","3.0","0.0","2.0","0.0","1.0","0.0","5.46","0.5","2.34","0.48","2.0","0.0","3.0","0.0"
"5533","3.2","0.4","2.5","0.51","1.18","0.39","1.0","0.0","2.0","0.0","1.0","0.0","3.74","0.53","2.0","0.0"
"5534","2.0","0.0","3.0","0.0","1.0","0.0","1.0","0.0","6.36","0.48","2.0","0.0","2.0","0.0","2.92","0.27"
"5535","3.14","0.35","6.0","0.0","1.0","0.0","1.0","0.0","1.38","0.49","1.0","0.0","4.14","0.35","2.98","0.14"
"5593","3.88","0.33","6.0","0.0","2.86","0.35","1.0","0.0","1.0","0.0","3.32","0.47","4.1","0.3","5.56","0.5"
"5594","5.28","0.45","5.98","0.14","3.0","0.0","1.0","0.0","1.0","0.0","2.0","0.0","6.0","0.0","4.3","0.46"
"5600","5.0","0.2","4.02","0.14","2.0","0.0","1.0","0.0","1.0","0.0","2.0","0.0","5.84","0.42","3.0","0.0"
"5621","8.0","0.0","7.14","0.35","1.0","0.0","1.0","0.0","1.0","0.0","6.0","0.0","8.0","0.0","8.0","0.0"
"5622","4.0","0.0","7.0","0.0","1.0","0.0","1.0","0.0","1.02","0.14","6.92","0.27","4.0","0.0","7.84","0.37"
"5623","7.0","0.0","7.42","0.5","1.0","0.0","1.0","0.0","1.0","0.0","6.0","0.0","7.0","0.0","8.0","0.0"
"5626","7.0","0.0","6.14","0.35","1.0","0.0","1.0","0.0","1.0","0.0","4.72","0.45","7.34","0.48","6.92","0.27"
"5628","8.0","0.0","7.0","0.0","1.0","0.0","1.0","0.0","1.0","0.0","3.78","0.55","8.0","0.0","7.0","0.0"
"5629","6.32","0.47","7.22","0.42","1.0","0.0","1.0","0.0","1.0","0.0","6.7","0.51","7.0","0.0","8.0","0.0"
"5660","6.0","0.0","5.1","0.3","1.0","0.0","1.0","0.0","1.0","0.0","2.08","0.27","7.0","0.0","5.24","0.43"
"5700","5.36","0.48","6.9","0.3","2.0","0.0","1.0","0.0","1.0","0.0","4.14","0.35","6.1","0.3","6.04","0.2"
"5720","6.0","0.0","3.0","0.0","1.0","0.0","1.0","0.0","1.0","0.0","1.0","0.0","7.0","0.0","2.02","0.14"
"5731","8.0","0.0","2.0","0.0","1.0","0.0","1.0","0.0","1.0","0.0","1.0","0.0","8.0","0.0","3.0","0.0"
"5740","4.0","0.0","2.0","0.0","2.0","0.0","1.0","0.0","1.0","0.0","1.0","0.0","4.92","0.27","2.0","0.0"
"5750","7.0","0.0","2.0","0.0","1.0","0.0","1.0","0.0","1.0","0.0","1.0","0.0","7.56","0.5","3.0","0.0"
"5760","8.0","0.0","2.0","0.0","1.0","0.0","1.0","0.0","1.0","0.0","1.0","0.0","8.0","0.0","3.1","0.3"
"5779","8.0","0.0","2.0","0.0","1.0","0.0","1.0","0.0","1.0","0.0","1.0","0.0","8.0","0.0","2.74","0.44"
"5780","7.0","0.0","2.0","0.0","1.0","0.0","1.0","0.0","1.0","0.0","1.0","0.0","7.78","0.42","2.0","0.0"
"5800","7.0","0.0","2.0","0.0","1.0","0.0","1.0","0.0","1.0","0.0","1.0","0.0","7.96","0.2","3.0","0.0"
"5820","5.2","0.4","2.0","0.0","2.0","0.0","1.0","0.0","1.0","0.0","1.14","0.35","5.9","0.3","2.04","0.2"
"5830","7.04","0.2","2.0","0.0","2.0","0.0","1.0","0.0","1.0","0.0","1.0","0.0","8.0","0.0","3.0","0.0"
"5831","8.0","0.0","3.22","0.42","1.0","0.0","1.0","0.0","1.0","0.0","1.0","0.0","8.0","0.0","3.38","0.49"
"5849","7.72","0.45","3.0","0.0","1.0","0.0","1.0","0.0","1.0","0.0","1.0","0.0","8.0","0.0","3.2","0.4"
"5870","6.34","0.48","2.0","0.0","1.0","0.0","1.0","0.0","1.0","0.0","1.0","0.0","7.0","0.0","2.0","0.0"
"5875","6.46","0.5","2.0","0.0","2.0","0.0","1.0","0.0","1.0","0.0","1.0","0.0","7.0","0.0","2.9","0.3"
"5890","6.58","0.5","6.52","0.5","1.48","0.5","1.0","0.0","1.0","0.0","1.32","0.47","7.48","0.5","3.9","0.3"
"5891","6.02","0.14","2.0","0.0","1.0","0.0","1.0","0.0","1.0","0.0","1.0","0.0","7.0","0.0","2.0","0.0"
"5900","2.2","0.4","2.0","0.0","4.0","0.0","1.0","0.0","1.0","0.0","1.0","0.0","2.96","0.2","2.0","0.0"
"5910","8.0","0.0","7.62","0.49","1.0","0.0","1.0","0.0","1.0","0.0","2.0","0.0","8.0","0.0","7.68","0.47"
"5920","2.0","0.0","8.0","0.0","2.0","0.0","2.96","0.2","2.0","0.0","8.0","0.0","2.0","0.0","8.58","0.5"
"5940","1.0","0.0","8.0","0.0","4.6","0.49","3.28","0.45","3.58","0.5","7.86","0.35","1.62","0.49","8.0","0.0"
"5950","2.0","0.0","8.0","0.0","1.8","0.4","1.8","0.4","1.0","0.0","7.0","0.0","2.0","0.0","8.0","0.0"
"5970","1.0","0.0","8.0","0.0","5.92","0.27","3.4","0.49","2.0","0.0","9.0","0.0","1.0","0.0","8.0","0.0"
"5971","1.0","0.0","8.0","0.0","4.1","0.3","2.12","0.33","2.0","0.0","8.9","0.3","1.52","0.5","8.0","0.0"
"5972","1.0","0.0","8.0","0.0","5.56","0.58","2.86","0.45","2.14","0.35","9.0","0.0","1.0","0.0","8.14","0.35"
"5982","6.0","0.0","2.12","0.33","1.12","0.33","1.0","0.0","1.0","0.0","1.0","0.0","7.0","0.0","2.04","0.2"
"5990","2.0","0.0","6.0","0.0","3.86","0.35","2.0","0.0","2.0","0.0","5.72","0.45","2.26","0.44","5.94","0.24"
"5991","6.0","0.0","2.0","0.0","2.0","0.0","1.0","0.0","1.0","0.0","1.0","0.0","6.82","0.39","2.0","0.0"
"5994","7.0","0.0","4.0","0.0","2.0","0.0","1.0","0.0","1.0","0.0","1.0","0.0","7.68","0.47","5.98","0.14"
"6000","3.0","0.0","5.34","0.48","4.6","0.49","2.0","0.0","3.18","0.39","4.1","0.3","3.3","0.46","5.02","0.14"
"6010","1.0","0.0","2.0","0.0","7.2","0.4","4.26","0.44","3.22","0.42","5.86","0.35","2.0","0.0","5.86","0.35"
"6020","1.0","0.0","4.04","0.2","8.0","0.0","6.8","0.4","8.0","0.0","8.38","0.49","1.0","0.0","7.06","0.24"
"6150","1.3","0.46","3.02","0.14","1.04","0.2","1.0","0.0","1.0","0.0","1.0","0.0","2.0","0.0","1.14","0.35"
"6190","1.0","0.0","7.18","0.39","5.16","0.74","7.0","0.0","4.94","0.24","8.98","0.14","1.0","0.0","8.0","0.0"
"6200","1.0","0.0","6.78","0.42","5.82","0.44","6.92","0.27","4.82","0.39","8.48","0.5","1.0","0.0","8.0","0.0"
"6210","1.0","0.0","6.84","0.37","4.68","0.47","6.76","0.43","4.7","0.46","8.24","0.43","1.0","0.0","8.0","0.0"
"6211","1.0","0.0","7.98","0.14","5.46","0.76","6.7","0.46","4.76","0.43","8.48","0.5","1.0","0.0","8.48","0.5"
"6212","1.0","0.0","6.94","0.24","8.82","0.39","6.92","0.27","6.38","0.53","8.7","0.46","1.0","0.0","8.0","0.0"
"6213","1.0","0.0","6.28","0.45","6.0","0.0","6.98","0.14","5.86","0.35","8.0","0.0","1.0","0.0","8.0","0.0"
"6230","1.0","0.0","7.8","0.4","6.26","0.44","7.26","0.44","6.38","0.49","9.0","0.0","1.0","0.0","9.0","0.0"
"6241","1.0","0.0","6.0","0.0","2.0","0.0","4.2","0.4","3.38","0.49","7.0","0.0","2.0","0.0","7.0","0.0"
"6242","1.0","0.0","6.34","0.48","2.0","0.0","5.9","0.89","4.84","0.65","8.0","0.0","1.98","0.14","8.0","0.0"
"6243","1.0","0.0","7.92","0.27","3.18","0.63","7.52","0.5","6.2","0.45","9.0","0.0","1.0","0.0","8.98","0.14"
"6244","1.0","0.0","7.0","0.0","1.0","0.0","6.2","0.4","3.6","0.49","8.02","0.14","1.06","0.24","8.0","0.0"
"6250","1.0","0.0","8.0","0.0","4.08","0.27","6.8","0.4","5.84","0.47","9.0","0.0","1.0","0.0","8.92","0.27"
"6260","1.0","0.0","8.0","0.0","7.0","0.0","7.0","0.0","5.86","0.35","9.0","0.0","1.0","0.0","9.0","0.0"
"6300","1.0","0.0","7.0","0.0","6.36","0.48","7.8","0.4","7.16","0.37","8.98","0.14","1.0","0.0","8.0","0.0"
"6312","1.0","0.0","7.86","0.35","7.2","0.4","7.58","0.5","7.28","0.45","9.0","0.0","1.0","0.0","8.9","0.3"
"6313","1.0","0.0","8.0","0.0","8.0","0.0","8.0","0.0","8.0","0.0","9.0","0.0","1.0","0.0","9.0","0.0"
"6314","2.0","0.0","6.02","0.14","1.0","0.0","5.5","0.51","2.0","0.0","5.16","0.58","2.06","0.24","6.72","0.45"
"6350","1.0","0.0","7.8","0.4","7.24","0.43","7.42","0.5","7.98","0.14","9.0","0.0","1.0","0.0","9.0","0.0"
"6360","1.0","0.0","6.9","0.3","8.0","0.0","8.0","0.0","7.04","0.35","8.0","0.0","1.0","0.0","8.0","0.0"
"6370","1.0","0.0","4.96","0.9","2.12","0.33","6.8","0.4","6.7","0.51","8.76","0.43","1.0","0.0","7.96","0.2"
"6410","1.08","0.27","4.38","0.57","2.9","0.3","4.44","0.5","3.38","0.49","6.76","0.43","2.0","0.0","6.1","0.3"
"6510","1.0","0.0","7.9","0.3","4.5","0.51","7.32","0.47","7.0","0.0","9.0","0.0","1.0","0.0","9.0","0.0"
"6530","3.84","0.37","2.0","0.0","2.66","0.48","2.14","0.35","1.28","0.45","1.84","0.37","3.84","0.37","2.88","0.33"
"6540","1.0","0.0","7.06","0.24","7.96","0.2","8.0","0.0","8.1","0.3","9.0","0.0","1.0","0.0","9.0","0.0"
"6550","1.0","0.0","8.0","0.0","7.8","0.4","8.0","0.0","8.28","0.45","9.0","0.0","1.0","0.0","9.0","0.0"
"6560","1.0","0.0","8.4","0.49","8.4","0.49","8.44","0.5","9.0","0.0","9.0","0.0","1.0","0.0","9.0","0.0"
"6561","1.0","0.0","6.0","0.0","7.94","0.24","8.0","0.0","7.0","0.0","7.5","0.51","1.0","0.0","8.0","0.0"
"6570","1.0","0.0","6.36","0.48","9.0","0.0","6.76","0.43","7.78","0.42","9.0","0.0","1.0","0.0","8.28","0.45"
"6571","1.0","0.0","8.0","0.0","6.88","0.33","7.4","0.49","6.1","0.42","9.0","0.0","1.0","0.0","9.0","0.0"
"6610","1.0","0.0","5.94","0.24","4.52","0.5","5.08","0.7","3.68","0.47","7.86","0.35","1.26","0.44","6.92","0.27"
"6800","1.0","0.0","3.98","0.14","2.0","0.0","2.9","0.3","2.26","0.44","5.98","0.14","2.0","0.0","5.46","0.5"
"6821","1.0","0.0","7.98","0.14","7.02","0.14","8.0","0.0","7.0","0.0","8.94","0.24","1.0","0.0","8.78","0.42"
"6830","1.0","0.0","6.76","0.43","4.26","0.6","4.92","0.8","6.94","0.24","8.0","0.0","1.02","0.14","7.74","0.44"
"6831","1.0","0.0","7.64","0.48","8.0","0.0","6.4","0.49","9.0","0.0","8.16","0.37","1.0","0.0","8.0","0.0"
"6834","1.0","0.0","6.6","0.49","8.0","0.0","8.0","0.0","7.0","0.0","8.0","0.0","1.0","0.0","8.0","0.0"
"6836","1.0","0.0","6.26","0.44","8.0","0.0","8.0","0.0","6.78","0.42","8.0","0.0","1.0","0.0","8.0","0.0"
"6838","1.0","0.0","7.0","0.0","7.32","0.47","4.12","0.33","3.1","0.3","8.0","0.0","1.48","0.5","8.0","0.0"
"6840","1.0","0.0","6.2","0.4","7.24","0.43","6.86","0.4","7.28","0.45","7.94","0.24","1.0","0.0","7.54","0.5"
"6900","2.0","0.0","6.0","0.0","2.0","0.0","3.0","0.0","2.0","0.0","6.02","0.14","2.0","0.0","7.0","0.0"
"6910","2.0","0.0","7.1","0.3","2.56","0.5","3.74","0.44","2.24","0.43","6.12","0.33","2.0","0.0","8.0","0.0"
"6930","2.0","0.0","4.76","0.43","2.0","0.0","2.0","0.0","2.0","0.0","3.96","0.45","2.0","0.0","4.24","0.43"
"6940","1.0","0.0","7.0","0.0","6.0","0.0","6.52","0.5","5.08","0.27","8.0","0.0","1.46","0.5","8.0","0.0"
"7000","3.0","0.0","1.4","0.49","1.0","0.0","1.0","0.0","1.0","0.0","1.0","0.0","3.48","0.5","1.42","0.5"
"7002","2.0","0.0","1.0","0.0","1.0","0.0","1.0","0.0","1.0","0.0","1.0","0.0","2.34","0.48","1.0","0.0"
"7004","2.7","0.46","1.0","0.0","1.0","0.0","1.0","0.0","1.0","0.0","1.0","0.0","3.28","0.9","1.0","0.0"
"7006","2.0","0.0","1.0","0.0","2.16","0.37","1.0","0.0","1.0","0.0","1.0","0.0","2.12","0.33","1.0","0.0"
"7009","3.0","0.0","1.0","0.0","1.0","0.0","1.0","0.0","1.0","0.0","1.0","0.0","4.0","0.0","1.12","0.33"
"7010","2.18","0.39","1.28","0.45","1.74","0.44","1.0","0.0","1.0","0.0","1.0","0.0","3.12","0.33","1.74","0.44"
"7020","2.0","0.0","1.1","0.3","2.0","0.0","1.0","0.0","1.0","0.0","1.0","0.0","2.0","0.0","1.0","0.0"
"7025","2.0","0.0","1.0","0.0","1.26","0.44","1.0","0.0","1.0","0.0","1.0","0.0","2.24","0.43","1.0","0.0"
"7030","2.0","0.0","5.04","0.67","2.0","0.0","2.0","0.0","2.58","0.5","4.6","0.49","2.0","0.0","3.96","0.2"
"7031","2.0","0.0","2.0","0.0","6.0","0.0","1.0","0.0","2.0","0.0","3.0","0.0","2.0","0.0","2.0","0.0"
"7034","2.0","0.0","1.08","0.27","1.0","0.0","1.0","0.0","1.0","0.0","1.0","0.0","2.0","0.0","1.56","0.5"
"7035","3.0","0.0","1.92","0.27","1.0","0.0","1.0","0.0","1.0","0.0","1.0","0.0","4.0","0.0","1.92","0.27"
"7040","2.0","0.0","2.0","0.0","2.0","0.0","1.0","0.0","2.0","0.0","1.0","0.0","2.0","0.0","1.0","0.0"
"7050","2.0","0.0","1.98","0.14","1.0","0.0","1.0","0.0","1.0","0.0","1.0","0.0","2.0","0.0","1.0","0.0"
"7060","1.8","0.4","1.0","0.0","1.0","0.0","1.0","0.0","1.86","0.35","1.0","0.0","2.0","0.0","1.0","0.0"
"7080","2.0","0.0","4.0","0.0","1.0","0.0","1.0","0.0","1.0","0.0","1.0","0.0","2.18","0.39","1.72","0.45"
"7090","2.04","0.2","1.04","0.2","1.04","0.2","1.0","0.0","1.0","0.0","1.0","0.0","2.7","0.46","1.04","0.2"
"7095","7.0","0.0","3.98","0.14","1.0","0.0","1.0","0.0","1.0","0.0","1.0","0.0","7.8","0.4","5.92","0.27"
"7096","6.96","0.2","3.0","0.0","1.0","0.0","1.0","0.0","1.0","0.0","1.0","0.0","7.2","0.4","3.8","0.4"
"7100","3.0","0.0","2.0","0.0","1.0","0.0","1.0","0.0","1.0","0.0","1.0","0.0","3.78","0.42","2.0","0.0"
"7110","1.12","0.33","2.0","0.0","1.0","0.0","2.0","0.0","1.18","0.39","1.84","0.37","2.0","0.0","2.0","0.0"
"7130","2.32","0.47","2.0","0.0","1.0","0.0","1.0","0.0","1.0","0.0","1.04","0.2","2.66","0.52","2.02","0.14"
"7140","4.0","0.0","2.0","0.0","1.7","0.46","1.0","0.0","1.0","0.0","1.0","0.0","4.12","0.33","2.0","0.0"
"7150","3.0","0.0","2.0","0.0","2.0","0.0","1.0","0.0","1.0","0.0","1.0","0.0","4.0","0.0","2.0","0.0"
"7160","4.64","0.48","6.58","0.5","2.0","0.0","2.0","0.0","2.0","0.0","2.0","0.0","4.76","0.66","6.58","0.5"
"7170","4.12","0.33","2.0","0.0","2.0","0.0","1.0","0.0","1.0","0.0","1.0","0.0","4.22","0.42","2.0","0.0"
"7175","3.0","0.0","1.0","0.0","1.0","0.0","1.0","0.0","1.0","0.0","1.0","0.0","3.92","0.27","1.0","0.0"
"7180","2.82","0.39","2.0","0.0","4.92","0.27","1.0","0.0","1.0","0.0","3.04","0.2","3.0","0.0","2.12","0.33"
"7182","2.88","0.33","6.28","0.45","1.0","0.0","1.04","0.2","1.3","0.46","2.12","0.33","2.88","0.33","7.0","0.0"
"7183","5.36","0.6","6.62","0.49","1.0","0.0","1.0","0.0","1.0","0.0","2.0","0.0","5.68","0.65","7.1","0.3"
"7184","3.0","0.0","4.0","0.0","2.06","0.24","2.3","0.46","3.64","0.48","2.34","0.48","3.0","0.0","4.4","0.49"
"7185","3.0","0.0","2.0","0.0","1.0","0.0","1.0","0.0","1.0","0.0","1.0","0.0","3.46","0.5","2.0","0.0"
"7186","5.54","0.5","2.0","0.0","1.0","0.0","1.0","0.0","1.0","0.0","1.0","0.0","6.16","0.37","2.0","0.0"
"7187","3.0","0.0","3.98","0.14","1.0","0.0","1.0","0.0","1.0","0.0","1.0","0.0","4.0","0.0","2.98","0.14"
"7190","3.0","0.0","2.0","0.0","1.6","0.49","1.0","0.0","1.0","0.0","1.0","0.0","3.4","0.49","2.0","0.0"
"7195","2.92","0.27","6.0","0.0","1.0","0.0","1.0","0.0","4.52","0.5","3.76","0.48","2.92","0.27","5.94","0.24"
"7200","8.0","0.0","2.0","0.0","1.0","0.0","1.0","0.0","1.0","0.0","1.0","0.0","8.0","0.0","3.0","0.0"
"7205","7.0","0.0","2.62","0.49","1.0","0.0","1.0","0.0","1.0","0.0","1.0","0.0","7.36","0.48","3.92","0.27"
"7207","7.0","0.0","5.0","0.0","1.0","0.0","1.0","0.0","1.0","0.0","1.0","0.0","7.24","0.43","6.22","0.42"
"7211","2.0","0.0","2.0","0.0","1.0","0.0","1.0","0.0","1.0","0.0","1.0","0.0","2.0","0.0","1.0","0.0"
"7217","2.0","0.0","1.0","0.0","2.0","0.0","1.0","0.0","1.0","0.0","1.0","0.0","2.0","0.0","1.0","0.0"
"7220","8.0","0.0","2.0","0.0","1.0","0.0","1.0","0.0","1.0","0.0","1.0","0.0","8.0","0.0","3.0","0.0"
"7224","2.0","0.0","1.0","0.0","1.3","0.46","1.0","0.0","1.0","0.0","1.0","0.0","2.0","0.0","1.0","0.0"
"7230","7.42","0.5","2.88","0.33","1.0","0.0","1.0","0.0","1.0","0.0","1.0","0.0","7.88","0.33","3.66","0.48"
"7233","4.0","0.0","2.0","0.0","1.0","0.0","1.0","0.0","1.0","0.0","1.0","0.0","4.78","0.42","2.0","0.0"
"7234","2.0","0.0","1.0","0.0","2.0","0.0","1.0","0.0","2.0","0.0","1.0","0.0","2.0","0.0","1.1","0.3"
"7235","2.0","0.0","1.0","0.0","1.0","0.0","1.0","0.0","1.0","0.0","1.0","0.0","2.98","0.65","1.0","0.0"
"7237","5.2","0.4","4.0","0.0","1.0","0.0","1.92","0.27","1.02","0.14","1.0","0.0","5.4","0.49","6.0","0.0"
"7238","7.0","0.0","5.86","0.35","1.0","0.0","1.0","0.0","1.0","0.0","1.0","0.0","8.0","0.0","6.0","0.0"
"7260","6.42","0.5","2.02","0.14","1.0","0.0","1.0","0.0","1.0","0.0","1.0","0.0","7.0","0.0","2.0","0.0"
"7270","7.82","0.39","2.56","0.5","1.0","0.0","1.0","0.0","1.0","0.0","1.0","0.0","8.0","0.0","3.02","0.14"
"7280","6.96","0.2","2.0","0.0","1.0","0.0","1.0","0.0","1.0","0.0","1.0","0.0","7.08","0.27","3.0","0.0"
"7281","6.34","0.48","3.34","0.48","1.0","0.0","1.0","0.0","4.28","0.73","1.16","0.37","5.7","0.84","4.02","0.14"
"7282","8.0","0.0","4.06","0.24","1.0","0.0","1.0","0.0","1.0","0.0","1.0","0.0","8.0","0.0","5.14","0.4"
"7283","7.02","0.14","3.0","0.0","1.0","0.0","1.0","0.0","1.0","0.0","1.0","0.0","8.0","0.0","3.7","0.46"
"7284","6.0","0.0","2.0","0.0","1.0","0.0","1.0","0.0","1.0","0.0","1.0","0.0","6.74","0.44","2.0","0.0"
"7285","6.0","0.0","2.0","0.0","1.0","0.0","1.0","0.0","1.0","0.0","1.0","0.0","7.0","0.0","3.0","0.0"
"7286","7.0","0.0","2.0","0.0","1.0","0.0","1.0","0.0","1.0","0.0","1.0","0.0","7.44","0.5","3.0","0.0"
"7289","7.0","0.0","3.0","0.0","1.0","0.0","1.0","0.0","1.0","0.0","1.0","0.0","7.08","0.27","3.9","0.3"
"7320","6.0","0.0","2.0","0.0","1.0","0.0","1.0","0.0","1.0","0.0","1.0","0.0","6.8","0.4","2.0","0.0"
"7325","9.0","0.0","1.68","0.47","1.0","0.0","1.0","0.0","1.0","0.0","1.0","0.0","9.0","0.0","3.58","0.5"
"7330","8.0","0.0","2.4","0.49","1.0","0.0","1.0","0.0","1.0","0.0","1.0","0.0","8.0","0.0","4.22","0.42"
"7340","8.0","0.0","2.0","0.0","1.0","0.0","1.0","0.0","1.0","0.0","1.0","0.0","8.0","0.0","3.0","0.0"
"7350","8.0","0.0","3.96","0.2","1.0","0.0","1.0","0.0","1.16","0.37","1.0","0.0","8.0","0.0","4.02","0.14"
"7351","6.92","0.27","2.0","0.0","1.0","0.0","1.0","0.0","1.04","0.2","1.0","0.0","7.0","0.0","3.0","0.0"
"7352","6.0","0.0","3.08","0.27","1.0","0.0","1.0","0.0","2.0","0.0","1.0","0.0","6.22","0.42","3.0","0.0"
"7360","2.0","0.0","5.98","0.14","3.54","0.5","3.26","0.44","8.0","0.0","2.04","0.2","2.0","0.0","5.0","0.35"
"7361","1.0","0.0","7.0","0.0","6.46","0.5","5.02","0.74","9.0","0.0","7.98","0.14","1.0","0.0","8.0","0.0"
"7380","1.0","0.0","7.0","0.0","3.88","0.33","5.08","0.6","9.0","0.0","5.74","0.44","1.0","0.0","7.0","0.0"
"7390","7.84","0.37","2.0","0.0","1.0","0.0","1.0","0.0","1.0","0.0","1.0","0.0","8.0","0.0","3.42","0.5"
"7400","7.0","0.0","2.0","0.0","1.0","0.0","1.0","0.0","1.0","0.0","1.0","0.0","7.66","0.48","3.0","0.0"
"7402","7.04","0.2","2.0","0.0","1.0","0.0","1.0","0.0","1.0","0.0","1.0","0.0","7.94","0.24","3.0","0.0"
"7410","7.0","0.0","2.52","0.5","1.0","0.0","1.0","0.0","1.0","0.0","1.0","0.0","7.18","0.39","3.3","0.46"
"7430","8.0","0.0","2.0","0.0","1.0","0.0","1.0","0.0","1.0","0.0","1.0","0.0","8.0","0.0","3.5","0.51"
"7450","7.0","0.0","2.0","0.0","1.0","0.0","1.0","0.0","1.56","0.5","1.0","0.0","7.08","0.27","3.0","0.0"
"7460","7.24","0.43","2.0","0.0","1.0","0.0","1.0","0.0","1.0","0.0","1.0","0.0","7.88","0.33","3.52","0.5"
"7470","8.0","0.0","2.0","0.0","1.0","0.0","1.0","0.0","1.0","0.0","1.0","0.0","8.0","0.0","3.06","0.24"
"7475","7.0","0.0","2.0","0.0","1.0","0.0","1.0","0.0","1.0","0.0","1.0","0.0","7.26","0.44","4.0","0.0"
"7480","8.0","0.0","2.0","0.0","1.0","0.0","1.0","0.0","1.0","0.0","1.0","0.0","8.0","0.0","3.52","0.5"
"7481","7.0","0.0","2.0","0.0","1.0","0.0","1.0","0.0","1.0","0.0","1.0","0.0","7.68","0.47","3.0","0.0"
"7490","2.0","0.0","3.0","0.0","3.74","0.44","1.0","0.0","1.0","0.0","1.0","0.0","3.0","0.0","2.0","0.0"
"7491","2.0","0.0","2.0","0.0","4.1","0.3","1.0","0.0","2.0","0.0","3.08","0.27","2.0","0.0","2.0","0.0"
"7495","7.0","0.0","2.0","0.0","2.0","0.0","1.0","0.0","1.0","0.0","1.0","0.0","7.0","0.0","3.0","0.0"
"7496","5.0","0.0","3.0","0.0","2.0","0.0","1.0","0.0","1.0","0.0","1.0","0.0","5.34","0.48","6.0","0.0"
"7500","2.0","0.0","2.7","0.46","4.38","0.57","2.42","0.5","2.5","0.51","2.28","0.45","2.0","0.0","2.44","0.5"
"7501","7.0","0.0","6.0","0.0","1.0","0.0","1.0","0.0","1.0","0.0","1.1","0.3","7.46","0.5","8.0","0.0"
"7502","9.0","0.0","7.0","0.0","1.0","0.0","1.0","0.0","1.0","0.0","1.0","0.0","9.0","0.0","7.12","0.33"
"7503","4.9","0.3","4.66","0.87","1.0","0.0","1.0","0.0","1.0","0.0","2.0","0.0","5.26","0.44","5.18","0.66"
"7510","5.4","0.49","3.36","0.48","2.0","0.0","1.0","0.0","1.0","0.0","1.0","0.0","6.2","0.4","3.76","0.43"
"7545","6.0","0.0","2.0","0.0","2.0","0.0","1.0","0.0","1.0","0.0","1.0","0.0","6.58","0.5","2.0","0.0"
"7550","3.0","0.0","2.0","0.0","1.28","0.45","1.0","0.0","1.0","0.0","1.0","0.0","3.4","0.49","2.0","0.0"
"7560","3.0","0.0","2.0","0.0","2.0","0.0","1.98","0.14","1.84","0.37","1.88","0.33","3.3","0.46","3.1","0.3"
"7570","6.0","0.0","2.84","0.37","3.3","0.65","1.0","0.0","1.0","0.0","1.2","0.4","6.04","0.2","3.06","0.24"
"7580","4.0","0.0","3.0","0.0","2.24","0.43","1.0","0.0","1.0","0.0","2.0","0.0","4.0","0.0","3.0","0.0"
"7590","2.0","0.0","2.0","0.0","4.0","0.0","6.0","0.0","3.28","0.45","3.0","0.0","2.0","0.0","5.98","0.14"
"7595","3.0","0.0","2.0","0.0","2.0","0.0","1.0","0.0","1.0","0.0","1.0","0.0","3.0","0.0","2.0","0.0"
"7600","4.48","0.65","7.0","0.0","1.0","0.0","2.0","0.0","1.14","0.35","4.3","0.46","5.52","0.5","7.36","0.48"
"7620","5.0","0.0","2.0","0.0","2.0","0.0","1.0","0.0","1.0","0.0","2.0","0.0","5.92","0.27","3.0","0.0"
"7640","2.78","0.42","7.0","0.0","1.74","0.44","1.0","0.0","1.92","0.27","8.0","0.0","2.78","0.42","8.0","0.0"
"7700","2.0","0.0","2.0","0.0","2.18","0.39","1.1","0.3","2.34","0.63","1.18","0.39","2.0","0.0","2.0","0.0"
"7705","1.5","0.51","1.0","0.0","1.5","0.51","1.0","0.0","1.0","0.0","1.0","0.0","1.9","0.3","1.0","0.0"
"7710","2.08","0.27","2.0","0.0","6.4","0.49","2.0","0.0","2.14","0.35","2.0","0.0","2.08","0.27","2.0","0.0"
"7820","5.0","0.35","3.28","0.45","1.44","0.5","1.0","0.0","1.54","0.5","1.0","0.0","5.88","0.48","2.28","0.45"
"7830","5.1","0.3","5.58","0.76","1.0","0.0","1.0","0.0","1.0","0.0","1.0","0.0","6.08","0.27","3.84","0.37"
"7900","3.98","0.14","2.0","0.0","2.38","0.49","1.0","0.0","1.0","0.0","1.0","0.0","4.98","0.14","2.0","0.0"
"7920","2.0","0.0","4.0","0.0","5.82","0.39","6.0","0.0","7.0","0.0","3.08","0.27","2.0","0.0","5.0","0.0"
"7950","2.0","0.0","1.0","0.0","1.28","0.45","1.0","0.0","1.0","0.0","1.0","0.0","2.36","0.48","1.0","0.0"
"8010","2.0","0.0","2.94","0.24","8.0","0.0","2.0","0.0","1.0","0.0","2.0","0.0","2.0","0.0","5.26","0.53"
"8021","6.0","0.0","7.0","0.0","1.0","0.0","1.0","0.0","1.0","0.0","4.32","0.47","7.0","0.0","8.0","0.0"
"8030","5.98","0.14","7.36","0.48","1.0","0.0","1.0","0.0","1.0","0.0","6.4","0.49","6.84","0.37","8.0","0.0"
"8031","6.16","0.37","6.94","0.24","1.0","0.0","1.0","0.0","1.0","0.0","4.8","0.4","7.0","0.0","7.94","0.24"
"8032","6.8","0.4","6.16","0.37","1.0","0.0","1.0","0.0","1.0","0.0","2.16","0.37","7.28","0.45","6.52","0.5"
"8033","7.0","0.0","8.0","0.0","1.0","0.0","1.0","0.0","1.0","0.0","4.2","0.4","7.5","0.51","8.0","0.0"
"8034","5.7","0.46","3.92","0.27","1.0","0.0","1.0","0.0","1.0","0.0","2.24","0.43","6.44","0.5","7.0","0.0"
"8040","4.96","0.57","6.84","0.37","1.0","0.0","1.0","0.0","1.0","0.0","3.0","0.29","5.94","0.55","7.12","0.33"
"8041","5.86","0.35","7.0","0.0","1.0","0.0","1.0","0.0","1.0","0.0","3.66","0.48","6.86","0.35","7.34","0.48"
"8050","3.98","0.32","2.0","0.0","2.0","0.0","1.0","0.0","1.0","0.0","1.0","0.0","4.98","0.32","7.0","0.0"
"8060","5.28","0.45","8.0","0.0","2.74","0.44","6.26","0.6","2.0","0.0","4.28","0.45","5.48","0.5","8.24","0.43"
"8080","7.0","0.0","4.12","0.33","1.0","0.0","1.0","0.0","1.0","0.0","2.06","0.24","7.28","0.45","6.82","0.39"
"8090","6.6","0.49","6.6","0.49","1.0","0.0","1.0","0.0","1.0","0.0","3.02","0.14","7.0","0.0","7.18","0.39"
"8116","5.84","0.37","4.0","0.0","1.0","0.0","1.52","0.5","1.0","0.0","2.0","0.0","6.22","0.42","7.0","0.0"
"8117","4.6","0.67","7.82","0.39","1.14","0.35","1.12","0.33","1.0","0.0","3.22","0.55","5.56","0.61","8.0","0.0"
"8120","8.0","0.0","2.9","0.3","1.0","0.0","1.0","0.0","1.0","0.0","1.0","0.0","8.0","0.0","6.0","0.0"
"8130","7.0","0.0","6.0","0.0","1.0","0.0","1.0","0.0","1.0","0.0","2.56","0.5","7.08","0.27","7.0","0.0"
"8160","4.68","0.47","7.0","0.0","1.7","0.46","1.0","0.0","1.0","0.0","8.0","0.0","4.76","0.59","8.0","0.0"
"8161","7.0","0.0","6.0","0.0","1.0","0.0","1.0","0.0","1.0","0.0","5.0","0.0","7.02","0.14","7.0","0.0"
"8162","8.0","0.0","5.88","0.33","1.0","0.0","1.0","0.0","1.0","0.0","1.0","0.0","8.0","0.0","6.16","0.37"
"8170","7.0","0.0","4.0","0.0","1.0","0.0","1.0","0.0","1.0","0.0","2.0","0.0","7.28","0.45","5.0","0.0"
"8180","5.76","0.43","8.62","0.49","1.0","0.0","1.0","0.0","1.0","0.0","7.98","0.14","5.9","0.58","8.98","0.14"
"8185","8.0","0.0","8.0","0.0","1.0","0.0","1.0","0.0","1.0","0.0","6.14","0.35","8.0","0.0","8.58","0.5"
"8190","8.0","0.0","3.94","0.24","1.0","0.0","1.0","0.0","1.0","0.0","2.0","0.0","8.0","0.0","6.0","0.0"
"8200","8.0","0.0","3.72","0.45","1.0","0.0","1.0","0.0","1.0","0.0","2.0","0.0","8.0","0.0","7.0","0.0"
"8210","7.8","0.4","6.88","0.33","1.0","0.0","1.0","0.0","1.0","0.0","4.18","0.39","7.82","0.39","7.14","0.35"
"8220","5.2","0.4","3.58","0.5","1.0","0.0","1.0","0.0","1.0","0.0","1.54","0.5","6.04","0.2","8.0","0.0"
"8230","1.0","0.0","6.48","0.5","7.14","0.35","5.16","0.89","7.9","0.3","6.9","0.3","1.0","0.0","8.0","0.0"
"8231","1.0","0.0","7.0","0.0","7.22","0.42","4.44","0.5","5.18","0.48","6.12","0.33","2.0","0.0","8.0","0.0"
"8232","5.64","0.48","8.0","0.0","4.54","0.5","2.92","0.27","2.0","0.0","5.0","0.45","5.64","0.48","8.0","0.0"
"8250","6.4","0.49","6.8","0.4","1.0","0.0","1.0","0.0","1.0","0.0","4.72","0.61","6.92","0.27","8.0","0.0"
"8260","6.0","0.0","3.9","0.3","1.0","0.0","1.0","0.0","1.0","0.0","3.42","0.54","6.48","0.5","7.06","0.24"
"8280","5.1","0.3","3.38","0.49","1.0","0.0","1.0","0.0","1.0","0.0","2.0","0.0","6.1","0.3","4.98","0.55"
"8300","8.0","0.0","7.08","0.27","1.0","0.0","1.0","0.0","1.0","0.0","4.02","0.62","8.0","0.0","8.0","0.0"
"8311","6.0","0.0","3.0","0.0","1.0","0.0","1.0","0.0","1.0","0.0","1.0","0.0","6.78","0.42","3.16","0.37"
"8320","8.0","0.0","2.88","0.33","1.0","0.0","1.0","0.0","1.0","0.0","1.0","0.0","8.0","0.0","6.0","0.0"
"8330","9.0","0.0","2.48","0.5","1.0","0.0","1.0","0.0","1.0","0.0","1.0","0.0","9.0","0.0","5.68","0.62"
"8340","5.34","0.48","4.28","0.45","2.0","0.0","1.0","0.0","1.0","0.0","3.0","0.0","5.56","0.54","5.76","0.43"
"8350","9.0","0.0","6.0","0.0","1.0","0.0","2.0","0.0","1.0","0.0","1.0","0.0","9.0","0.0","8.0","0.0"
"8370","8.0","0.0","7.04","0.2","1.0","0.0","1.0","0.0","1.0","0.0","6.0","0.0","8.0","0.0","8.08","0.27"
"8380","9.0","0.0","4.12","0.33","1.0","0.0","1.0","0.0","1.0","0.0","1.0","0.0","9.0","0.0","7.06","0.24"
"8400","6.64","0.48","6.48","0.5","1.0","0.0","1.0","0.0","1.0","0.0","6.0","0.0","7.0","0.0","7.52","0.5"
"8420","8.0","0.0","3.0","0.0","1.0","0.0","1.0","0.0","1.0","0.0","1.18","0.39","8.0","0.0","5.86","0.35"
"8460","6.98","0.14","2.92","0.27","1.0","0.0","1.0","0.0","1.0","0.0","1.0","0.0","7.3","0.46","6.14","0.35"
"8461","9.0","0.0","3.0","0.0","1.0","0.0","1.0","0.0","1.0","0.0","1.0","0.0","9.0","0.0","6.0","0.0"
"8465","7.68","0.47","2.64","0.48","1.0","0.0","1.0","0.0","1.0","0.0","1.0","0.0","8.0","0.0","6.0","0.0"
"8470","9.0","0.0","6.52","0.5","1.0","0.0","1.0","0.0","1.0","0.0","1.0","0.0","9.0","0.0","8.0","0.0"
"8480","1.0","0.0","8.76","0.43","4.6","0.49","3.82","0.63","4.04","0.57","9.0","0.0","1.0","0.0","9.0","0.0"
"8490","8.0","0.0","7.78","0.42","1.0","0.0","1.0","0.0","1.0","0.0","6.0","0.0","8.0","0.0","8.32","0.47"
"8496","9.0","0.0","7.0","0.0","1.0","0.0","1.0","0.0","1.0","0.0","2.94","0.24","9.0","0.0","8.0","0.0"
"8497","9.0","0.0","2.02","0.14","1.0","0.0","1.0","0.0","1.0","0.0","1.0","0.0","9.0","0.0","7.0","0.0"
"8500","8.0","0.0","5.44","0.81","1.0","0.0","1.0","0.0","1.0","0.0","1.0","0.0","8.0","0.0","4.08","0.63"
"8501","8.0","0.0","6.14","0.35","1.0","0.0","1.0","0.0","1.0","0.0","1.0","0.0","8.0","0.0","6.0","0.0"
"8502","8.0","0.0","6.0","0.0","1.0","0.0","1.0","0.0","1.0","0.0","1.0","0.0","8.0","0.0","6.0","0.0"
"8503","8.0","0.0","4.28","0.45","1.0","0.0","1.36","0.48","1.0","0.0","1.0","0.0","8.0","0.0","5.62","0.49"
"8510","7.0","0.0","4.76","0.74","1.0","0.0","1.0","0.0","1.0","0.0","1.0","0.0","7.96","0.2","6.0","0.0"
"8531","7.0","0.0","4.0","0.0","1.0","0.0","1.0","0.0","1.0","0.0","1.0","0.0","7.88","0.33","6.0","0.0"
"8540","9.0","0.0","3.24","0.43","1.0","0.0","1.0","0.0","1.0","0.0","1.0","0.0","9.0","0.0","6.06","0.24"
"8600","8.0","0.0","5.8","0.4","1.0","0.0","1.0","0.0","1.0","0.0","2.0","0.0","8.0","0.0","6.0","0.0"
"9000","1.0","0.0","3.0","0.0","8.0","0.0","2.0","0.0","2.98","0.14","6.0","0.0","1.0","0.0","5.68","0.47"
"9001","1.0","0.0","2.0","0.0","7.18","0.39","1.0","0.0","2.0","0.0","4.04","0.2","2.0","0.0","3.0","0.0"
"9005","1.0","0.0","6.38","0.49","7.54","0.5","6.32","0.47","6.96","0.2","6.26","0.44","1.0","0.0","6.06","0.24"
"9006","1.0","0.0","6.0","0.0","8.0","0.0","4.68","0.55","4.82","0.48","6.88","0.33","1.74","0.44","6.0","0.0"
"9007","1.0","0.0","5.84","0.37","6.38","0.49","3.8","0.53","8.18","0.39","7.0","0.0","1.0","0.0","7.0","0.0"
"9008","1.0","0.0","4.46","0.5","2.0","0.0","2.22","0.42","9.0","0.0","2.04","0.2","1.0","0.0","6.0","0.0"
"9010","1.0","0.0","2.24","0.43","7.06","0.24","5.9","0.46","4.84","0.37","7.0","0.0","1.16","0.37","6.0","0.0"
"9040","1.0","0.0","4.0","0.0","9.0","0.0","6.76","0.43","7.8","0.4","7.0","0.0","1.0","0.0","6.68","0.47"
"9041","1.0","0.0","1.3","0.46","8.0","0.0","2.68","0.62","2.18","0.39","5.36","0.75","1.16","0.37","5.02","0.94"
"9042","1.1","0.3","6.0","0.0","2.0","0.0","2.0","0.0","8.06","0.24","4.38","0.49","2.0","0.0","6.28","0.45"
"9045","3.18","0.39","5.26","0.44","2.0","0.0","1.0","0.0","2.08","0.27","1.0","0.0","3.18","0.39","3.0","0.0"
"9046","2.0","0.0","2.0","0.0","7.0","0.0","2.0","0.0","3.42","0.5","2.64","0.48","2.0","0.0","3.0","0.0"
"9050","1.0","0.0","8.48","0.5","8.0","0.0","5.12","0.69","6.0","0.53","9.0","0.0","1.0","0.0","8.88","0.33"
"9070","2.0","0.0","2.0","0.0","6.38","0.49","1.0","0.0","1.0","0.0","1.62","0.49","2.36","0.48","2.64","0.48"
"9080","2.0","0.0","4.06","0.24","4.48","0.5","2.14","0.35","2.4","0.49","6.0","0.0","2.0","0.0","6.0","0.0"
"9090","2.0","0.0","3.18","0.39","3.96","0.2","3.68","0.47","6.48","0.5","2.42","0.5","2.0","0.0","3.14","0.35"
"9101","1.0","0.0","6.0","0.0","6.96","0.28","4.58","0.5","8.3","0.46","7.06","0.24","1.0","0.0","7.1","0.3"
"9102","1.0","0.0","2.4","0.49","6.34","0.48","2.9","0.3","7.9","0.3","6.96","0.2","1.18","0.39","6.96","0.2"
"9110","1.0","0.0","2.0","0.0","4.22","0.42","2.8","0.49","7.0","0.0","2.5","0.51","2.0","0.0","3.08","0.27"
"9120","1.0","0.0","7.1","0.3","7.74","0.44","6.64","0.48","6.52","0.5","8.0","0.0","1.0","0.0","8.0","0.0"
"9140","1.0","0.0","5.88","0.33","8.0","0.0","5.54","0.61","9.0","0.0","7.0","0.0","1.0","0.0","7.0","0.0"
"9156","3.1","0.3","5.98","0.14","1.0","0.0","1.0","0.0","1.0","0.0","3.44","0.5","3.94","0.42","6.06","0.24"
"9160","2.0","0.0","2.6","0.49","6.48","0.5","3.44","0.5","2.38","0.49","6.12","0.33","2.0","0.0","6.0","0.0"
"9180","1.0","0.0","6.0","0.0","8.8","0.4","7.8","0.4","9.0","0.0","6.42","0.5","1.0","0.0","7.0","0.0"
"9181","1.0","0.0","5.8","0.4","8.86","0.35","6.8","0.4","8.56","0.5","6.64","0.48","1.0","0.0","6.96","0.2"
"9182","1.0","0.0","5.98","0.14","8.92","0.27","4.96","0.95","8.94","0.24","6.82","0.39","1.0","0.0","7.0","0.0"
"9190","2.4","0.49","2.0","0.0","5.08","0.57","2.16","0.37","2.0","0.0","2.72","0.45","3.0","0.0","3.0","0.0"
"9210","2.0","0.0","2.0","0.0","6.0","0.0","1.0","0.0","1.0","0.0","2.0","0.0","2.0","0.0","2.0","0.0"
"9220","1.0","0.0","1.96","0.2","8.0","0.0","2.0","0.0","1.0","0.0","2.98","0.14","1.04","0.2","3.16","0.37"
"9230","1.0","0.0","7.94","0.24","7.0","0.0","6.2","0.49","5.8","0.76","8.86","0.35","1.0","0.0","9.0","0.0"
"9250","1.0","0.0","7.18","0.39","9.0","0.0","7.32","0.47","6.76","0.43","8.1","0.3","1.0","0.0","8.0","0.0"
"9252","1.0","0.0","7.88","0.33","9.0","0.0","9.0","0.0","9.0","0.0","8.7","0.46","1.0","0.0","9.0","0.0"
"9253","1.0","0.0","8.0","0.0","9.0","0.0","8.0","0.0","9.0","0.0","9.0","0.0","1.0","0.0","9.0","0.0"
"9265","1.0","0.0","4.34","0.63","8.82","0.39","7.7","0.46","7.86","0.35","7.82","0.39","1.0","0.0","7.36","0.48"
"9270","1.0","0.0","3.74","0.44","2.0","0.0","1.6","0.49","4.14","0.35","6.06","0.24","2.0","0.0","5.1","0.3"
"9280","1.0","0.0","2.74","0.44","7.0","0.0","6.32","0.47","7.6","0.49","4.74","0.44","1.88","0.33","5.76","0.43"
"9290","1.0","0.0","3.0","0.0","4.0","0.0","3.0","0.0","8.0","0.0","2.0","0.0","1.0","0.0","4.0","0.0"
"9300","1.0","0.0","5.62","0.53","3.8","0.4","3.3","0.46","9.0","0.0","2.36","0.48","1.0","0.0","6.16","0.37"
"9320","1.0","0.0","4.52","0.5","3.0","0.0","2.16","0.37","9.0","0.0","2.64","0.48","1.0","0.0","6.0","0.0"
"9330","1.0","0.0","4.0","0.0","5.3","0.46","5.16","0.65","8.0","0.0","3.0","0.0","1.0","0.0","5.56","0.5"
"9331","2.0","0.0","2.0","0.0","7.14","0.35","3.0","0.0","4.0","0.0","3.0","0.0","2.0","0.0","3.0","0.0"
"9340","1.0","0.0","2.0","0.0","6.08","0.27","5.22","0.42","7.6","0.49","2.0","0.0","1.46","0.5","3.5","0.51"
"9360","2.0","0.0","2.94","0.24","6.16","0.37","2.0","0.0","4.08","0.27","3.82","0.39","2.0","0.0","2.94","0.24"
"9373","1.0","0.0","2.74","0.44","3.82","0.39","2.04","0.2","7.0","0.0","1.04","0.2","1.8","0.4","2.76","0.43"
"9390","2.0","0.0","2.0","0.0","3.56","0.5","2.56","0.5","6.92","0.27","1.56","0.5","2.0","0.0","2.76","0.43"
"9400","1.0","0.0","7.82","0.39","9.0","0.0","7.96","0.2","9.0","0.0","8.92","0.27","1.0","0.0","9.0","0.0"
"9401","2.0","0.0","3.94","0.24","1.1","0.3","2.1","0.3","2.12","0.39","3.8","0.49","2.0","0.0","4.04","0.2"
"9402","1.0","0.0","7.0","0.0","4.6","0.49","8.0","0.0","7.0","0.0","7.48","0.5","1.82","0.39","8.0","0.0"
"9404","1.0","0.0","5.44","0.5","6.06","0.24","4.28","0.45","3.92","0.27","6.62","0.49","2.0","0.0","7.0","0.0"
"9405","1.0","0.0","7.9","0.3","7.68","0.47","4.6","0.49","9.0","0.0","8.0","0.0","1.0","0.0","8.82","0.39"
"9410","1.0","0.0","8.0","0.0","9.0","0.0","8.0","0.0","9.0","0.0","8.32","0.47","1.0","0.0","8.58","0.5"
"9411","2.0","0.0","6.8","0.4","6.3","0.46","4.04","0.28","3.14","0.35","7.74","0.44","2.0","0.0","7.82","0.39"
"9415","1.0","0.0","4.0","0.0","8.9","0.3","6.9","0.3","5.92","0.27","6.86","0.35","1.0","0.0","6.94","0.24"
"9417","2.0","0.0","4.0","0.0","4.22","0.42","3.66","0.66","2.0","0.0","4.84","0.37","2.0","0.0","4.9","0.3"
"9420","1.0","0.0","7.92","0.27","9.0","0.0","8.0","0.0","9.0","0.0","8.9","0.3","1.0","0.0","9.0","0.0"
"9421","1.0","0.0","3.54","0.5","9.0","0.0","4.06","0.59","4.18","0.44","8.0","0.0","1.0","0.0","7.86","0.35"
"9430","1.0","0.0","7.22","0.42","8.0","0.0","6.82","0.39","9.0","0.0","8.1","0.3","1.0","0.0","8.0","0.0"
"9432","2.58","0.5","2.0","0.0","5.94","0.24","1.0","0.0","1.94","0.24","2.94","0.24","2.94","0.24","3.06","0.24"
"9433","1.0","0.0","8.0","0.0","9.0","0.0","7.16","0.37","9.0","0.0","8.0","0.0","1.0","0.0","8.38","0.49"
"9440","1.0","0.0","6.06","0.24","8.0","0.0","6.74","0.44","8.94","0.24","8.32","0.47","1.0","0.0","8.0","0.0"
"9452","1.0","0.0","6.82","0.39","5.9","0.3","6.46","0.5","6.38","0.64","7.94","0.24","1.0","0.0","7.76","0.43"
"9470","1.0","0.0","7.98","0.14","8.0","0.0","6.3","0.46","5.3","0.46","7.86","0.35","1.0","0.0","7.92","0.27"
"9480","1.0","0.0","7.0","0.0","8.6","0.49","7.34","0.48","9.0","0.0","8.7","0.46","1.0","0.0","8.0","0.0"
"9490","1.0","0.0","6.5","0.51","4.76","0.62","2.82","0.52","9.0","0.0","8.0","0.0","1.0","0.0","7.98","0.14"
"9500","1.0","0.0","6.12","0.33","8.0","0.0","7.12","0.33","9.0","0.0","6.76","0.43","1.0","0.0","8.0","0.0"
"9520","2.0","0.0","4.26","0.44","7.96","0.2","6.5","0.51","8.0","0.0","5.0","0.0","2.0","0.0","6.0","0.0"
"9530","1.0","0.0","2.0","0.0","8.0","0.0","3.84","0.37","5.46","0.5","3.2","0.4","1.92","0.27","4.1","0.3"
"9560","1.0","0.0","4.82","0.75","8.78","0.42","7.64","0.48","8.78","0.42","7.04","0.45","1.0","0.0","6.98","0.14"
"9561","1.0","0.0","2.0","0.0","8.1","0.3","3.86","0.78","5.38","0.49","4.5","0.51","1.1","0.3","6.0","0.0"
"9570","1.0","0.0","6.0","0.0","8.0","0.0","5.5","0.74","9.0","0.0","6.74","0.44","1.0","0.0","7.62","0.49"
"9571","1.0","0.0","6.22","0.42","9.0","0.0","7.44","0.5","9.0","0.0","6.8","0.4","1.0","0.0","7.28","0.45"
"9582","2.0","0.0","4.0","0.0","2.0","0.0","2.0","0.0","7.0","0.0","5.0","0.0","2.0","0.0","6.0","0.0"
"9584","2.0","0.0","2.44","0.5","2.0","0.0","1.0","0.0","5.58","0.61","3.42","0.61","2.0","0.0","4.22","0.51"
"9592","1.0","0.0","2.0","0.0","3.24","0.43","1.24","0.43","6.96","0.2","6.0","0.0","2.0","0.0","6.0","0.0"
"9594","1.0","0.0","2.0","0.0","3.36","0.48","1.66","0.48","6.24","0.43","6.02","0.43","2.0","0.0","5.94","0.24"
"9600","1.0","0.0","8.0","0.0","8.0","0.0","4.48","0.5","3.98","0.32","9.0","0.0","1.0","0.0","8.0","0.0"
"9611","1.0","0.0","8.0","0.0","9.0","0.0","6.74","0.44","7.76","0.43","8.96","0.2","1.0","0.0","8.12","0.33"
"9620","1.0","0.0","8.0","0.0","6.82","0.39","3.12","0.33","2.5","0.51","8.98","0.14","1.06","0.24","8.24","0.43"
"9621","1.0","0.0","7.42","0.5","7.06","0.24","3.02","0.14","3.02","0.38","8.0","0.0","1.9","0.3","8.0","0.0"
"9622","1.0","0.0","9.0","0.0","7.4","0.49","4.6","0.53","3.52","0.5","9.0","0.0","1.0","0.0","9.0","0.0"
"9630","1.0","0.0","9.0","0.0","7.56","0.5","6.86","0.35","4.66","0.48","9.0","0.0","1.0","0.0","9.0","0.0"
"9700","2.0","0.0","3.0","0.0","2.0","0.0","1.34","0.48","6.36","0.48","1.84","0.37","2.0","0.0","3.6","0.49"
"9800","1.0","0.0","3.62","0.49","6.94","0.55","8.0","0.0","9.0","0.0","7.5","0.51","1.0","0.0","7.0","0.0"
"9810","1.0","0.0","6.68","0.47","8.0","0.0","9.0","0.0","9.0","0.0","9.0","0.0","1.0","0.0","8.0","0.0"
"9830","1.0","0.0","2.0","0.0","4.62","0.49","3.9","0.3","8.0","0.0","1.9","0.3","1.0","0.0","3.32","0.47"
"9910","1.0","0.0","7.42","0.5","8.7","0.46","6.24","0.59","7.7","0.46","8.44","0.5","1.0","0.0","8.0","0.0"
"9911","1.0","0.0","7.6","0.49","8.0","0.0","4.46","0.5","6.2","0.4","8.0","0.0","1.0","0.0","8.0","0.0"
"9912","1.0","0.0","8.0","0.0","7.46","0.5","4.74","0.69","6.14","0.5","8.14","0.35","1.0","0.0","8.0","0.0"
"9920","1.0","0.0","7.0","0.0","7.94","0.24","4.0","0.0","5.64","0.48","7.94","0.24","1.0","0.0","7.72","0.45"
"9921","1.98","0.14","8.0","0.0","7.28","0.45","3.28","0.45","5.16","0.37","8.92","0.27","2.0","0.0","8.9","0.3"
